gpu_temperature,gpu_power_load,ambient_temperature,humidity,water_temperature,tds,ph,conductivity,tower_age,cooling_cycles,flow_rate,daily_water_usage,scaling_risk
66.85,87.93,26.81,58.0,28.12,311.86,8.71,444.53,4.45,13.95,111.47,4589.72,1
92.78,83.52,29.2,78.3,36.17,255.12,6.53,324.38,6.31,10.32,81.54,8245.78,1
82.94,70.15,40.64,28.76,40.74,333.92,6.51,419.94,7.43,5.24,65.07,8272.35,1
76.94,96.92,25.2,29.08,30.71,424.57,8.55,548.42,8.38,5.56,85.99,2458.07,1
57.02,44.03,41.09,58.98,35.86,805.01,8.56,1052.33,4.49,3.55,92.47,3032.64,1
57.02,37.65,17.64,86.25,25.29,1218.96,8.63,1551.24,8.08,14.36,107.82,4560.35,1
52.61,89.78,38.3,49.05,31.73,482.77,9.01,609.81,7.88,18.97,144.87,7354.68,1
88.98,60.74,40.43,42.89,40.84,1322.19,6.82,1852.56,5.08,2.42,83.71,6088.89,1
77.05,89.29,20.45,62.47,32.97,1345.89,7.13,1726.58,12.54,3.32,48.16,5353.87,1
81.86,92.52,27.91,85.13,36.8,1350.69,8.94,1935.24,8.41,11.15,99.72,5939.49,1
50.93,34.37,19.96,78.58,25.39,1205.08,6.98,1595.04,5.32,16.75,176.9,2221.5,1
93.65,91.84,36.2,89.68,42.0,636.59,8.34,881.12,14.24,5.15,119.74,5082.48,1
87.46,61.38,31.06,21.58,37.31,287.22,7.93,371.97,12.75,7.43,194.37,8940.47,1
59.56,65.73,34.06,27.9,32.89,882.58,6.72,1145.65,14.75,6.64,120.58,2163.35,1
58.18,73.86,20.89,62.66,26.18,870.42,7.27,1188.07,10.54,9.98,84.14,5394.35,1
58.25,94.85,21.35,77.44,27.04,1219.97,7.91,1661.76,5.98,6.5,70.93,3717.37,1
63.69,31.34,16.24,39.97,26.06,1395.19,8.8,1958.49,4.57,9.05,151.12,5549.35,1
73.61,63.38,24.66,36.74,31.12,809.79,8.41,1134.97,10.12,16.57,125.82,5803.64,1
69.44,78.14,31.79,75.09,32.11,614.24,8.18,850.2,14.72,14.22,136.64,5831.05,1
63.11,80.59,40.74,23.95,35.97,423.08,7.84,566.86,9.59,3.62,160.82,7891.57,1
77.53,78.48,35.01,45.86,39.26,205.76,7.31,293.85,13.28,14.75,156.14,4423.11,1
56.28,39.41,28.06,55.41,31.23,810.94,6.82,1114.64,5.27,11.54,46.94,5372.66,1
63.15,50.96,43.59,59.22,33.53,866.62,7.6,1254.9,6.4,20.69,168.41,1581.96,1
66.49,55.11,36.58,71.0,37.0,1189.93,6.58,1682.41,13.64,7.79,125.23,7421.63,1
70.52,86.31,42.9,44.84,37.01,805.49,7.07,1014.0,11.47,16.52,102.67,3446.16,1
85.33,49.51,30.83,62.89,38.32,1299.76,7.67,1708.04,14.73,16.62,126.0,7624.16,1
58.99,44.75,22.77,60.98,25.9,953.7,7.63,1301.2,11.73,6.43,137.99,3492.29,1
73.14,97.02,16.58,58.33,29.37,1208.4,6.62,1684.87,7.0,20.06,63.92,1580.91,1
76.66,30.62,36.78,64.83,37.67,377.96,8.09,514.05,8.2,11.82,106.79,2661.23,1
52.09,99.85,18.64,38.16,21.58,1226.4,7.98,1725.83,13.56,15.58,93.69,8892.62,1
77.34,77.38,24.08,25.93,33.98,1010.17,6.71,1319.82,8.5,4.92,96.07,3898.51,1
57.67,87.99,30.97,28.35,32.95,404.28,9.05,520.22,4.2,7.16,54.61,2316.18,1
52.93,50.62,31.93,35.72,29.06,427.72,6.77,539.26,6.82,13.72,65.57,2390.69,1
92.7,31.0,33.02,55.01,42.0,1311.8,8.81,1790.17,7.99,8.38,65.89,3827.57,1
93.45,81.65,19.99,78.83,34.98,238.66,6.5,331.19,1.9,11.99,99.72,1782.34,1
86.38,88.39,26.39,69.09,37.53,755.04,8.88,993.05,11.28,9.48,183.12,5336.16,1
63.71,81.83,33.52,75.23,28.22,576.17,6.55,790.92,2.09,14.81,72.96,3103.06,1
54.4,40.0,44.09,44.57,38.87,998.09,8.55,1258.03,6.37,11.74,106.59,5394.83,1
80.79,82.74,36.83,48.33,41.08,1207.56,7.48,1533.42,12.17,2.09,89.86,2555.73,1
69.81,83.82,42.68,47.56,36.82,632.45,8.49,879.33,7.28,14.99,165.98,4723.93,1
55.49,76.1,37.87,33.43,28.18,712.28,7.58,942.79,12.71,10.44,48.02,5984.38,1
72.28,83.63,32.75,24.29,35.11,1378.3,6.69,1907.94,5.46,8.83,71.45,1965.0,1
51.55,89.21,20.76,61.36,22.27,1140.7,8.57,1615.62,14.39,3.88,73.7,4490.62,1
90.92,72.95,35.0,89.25,40.87,1276.64,6.69,1813.51,3.54,6.41,198.87,3768.93,1
61.65,36.2,33.7,31.68,33.03,726.51,8.99,933.16,1.05,6.48,131.32,3302.7,1
79.81,64.13,33.07,23.27,34.65,480.89,6.64,647.88,13.15,20.71,62.23,6034.01,1
64.03,35.44,29.69,74.57,33.64,694.24,7.79,969.7,11.41,10.65,83.55,5914.06,1
73.4,58.53,30.86,37.68,35.76,1059.31,8.45,1488.12,3.86,2.84,66.85,6230.25,1
74.6,58.5,25.03,78.08,34.36,331.32,7.56,466.14,14.78,4.78,59.94,2691.62,1
58.32,34.62,30.58,69.28,30.3,524.56,7.09,679.64,7.78,3.58,167.55,3642.82,1
93.63,54.42,20.93,86.2,32.9,255.96,8.55,329.81,14.29,13.78,119.32,3072.59,1
84.88,37.77,39.16,48.62,41.88,718.82,8.62,983.34,7.82,5.73,140.99,5553.78,1
92.28,86.58,20.57,66.34,34.73,1192.93,8.99,1667.98,7.34,11.97,93.0,4957.99,1
90.27,96.34,17.55,52.54,30.93,229.6,7.52,301.65,7.01,9.4,128.59,3977.2,1
76.91,35.06,28.09,64.14,36.76,1010.39,7.87,1284.14,5.36,18.08,81.21,7395.11,1
91.48,96.86,34.75,51.47,42.0,1319.0,7.48,1837.82,8.24,8.41,89.29,2204.8,1
53.98,66.58,28.13,33.2,28.26,484.31,7.19,634.42,7.06,11.17,144.36,8811.73,1
58.82,50.97,23.3,55.55,32.18,1032.36,8.53,1324.8,1.03,16.43,64.06,2374.08,1
52.04,35.38,31.75,57.0,29.3,1370.12,7.42,1753.13,4.28,10.67,138.76,7298.03,1
64.64,65.04,25.41,76.74,29.29,1354.73,7.66,1778.74,3.59,17.86,176.36,4261.73,1
67.49,85.62,42.99,71.49,35.66,481.92,7.59,659.52,13.08,15.23,59.27,7989.47,1
62.21,79.5,42.68,66.47,38.76,320.4,8.42,423.46,9.18,10.21,183.59,2056.27,1
87.29,33.52,30.07,27.94,35.79,377.94,8.98,473.99,11.57,12.08,52.71,4310.41,1
66.05,35.1,24.84,70.44,31.68,1042.44,8.3,1323.26,14.37,21.34,95.83,4015.83,1
62.64,58.2,37.11,55.02,32.53,1070.91,7.77,1400.86,9.84,15.23,137.68,8948.68,1
74.42,50.67,16.1,82.59,28.32,1009.08,8.6,1394.49,14.75,20.1,129.51,8891.62,1
56.34,46.27,29.24,84.39,31.38,603.29,8.23,766.0,5.02,5.58,55.42,2923.53,1
86.1,49.67,25.09,23.86,34.55,403.73,6.66,549.94,3.2,11.66,167.83,6224.6,1
53.35,86.24,42.62,77.44,32.44,896.91,6.76,1142.65,6.35,20.17,195.7,5516.4,1
94.41,95.05,15.36,22.64,36.24,780.42,6.6,1008.55,7.33,8.45,69.0,2657.8,1
84.75,58.36,31.58,45.7,40.44,1074.6,7.73,1380.26,13.48,21.35,183.22,2758.35,1
58.94,93.43,37.22,57.96,34.05,729.63,8.73,921.85,8.62,3.94,129.09,8919.39,1
50.25,52.5,29.55,30.37,26.6,606.37,7.35,839.37,4.74,20.05,189.75,4895.47,1
86.7,63.35,17.56,72.24,31.8,552.17,7.54,741.39,11.27,10.9,68.17,2443.51,1
81.81,45.82,44.17,20.58,41.07,453.76,8.96,642.63,7.83,3.47,166.72,3110.93,1
82.81,74.83,30.54,31.8,37.03,518.9,8.76,658.88,2.85,19.59,49.57,3512.61,1
84.71,98.53,33.43,60.66,35.9,313.8,8.3,401.33,8.86,7.04,181.31,5331.88,1
53.33,72.24,22.1,70.01,27.51,616.23,7.22,808.06,13.72,2.45,147.87,4016.61,1
66.13,55.05,29.5,84.17,32.03,243.88,6.82,342.21,12.72,4.72,99.24,4912.59,1
55.21,75.35,27.87,69.38,25.13,423.7,6.54,555.53,9.01,15.18,70.47,2748.75,1
88.84,38.6,17.25,67.02,31.39,1096.12,6.79,1459.69,5.97,21.56,170.65,3950.47,1
78.05,92.21,18.18,47.6,29.87,590.56,7.29,773.83,1.76,4.23,136.52,2027.37,1
64.89,65.22,40.12,20.09,35.12,1001.88,7.99,1268.43,7.31,11.24,97.67,8172.83,1
52.86,61.45,22.19,28.41,29.76,1060.26,6.67,1524.54,11.41,5.61,111.01,2990.64,1
63.99,71.01,20.85,57.42,28.77,897.42,6.87,1220.23,5.72,16.9,172.25,7176.75,1
64.63,73.73,30.15,67.26,30.03,1350.44,6.99,1900.83,3.91,4.36,94.23,4121.64,1
82.83,35.02,38.06,49.22,39.47,225.73,8.21,311.88,14.01,6.8,54.34,5057.98,1
78.69,77.78,16.86,71.15,29.87,1086.38,8.16,1469.71,12.41,5.93,185.81,3684.46,1
89.92,46.94,32.3,56.53,39.44,1350.54,7.99,1712.4,9.75,13.05,101.97,6723.31,1
71.25,79.98,18.58,25.19,30.48,1234.73,7.18,1702.13,2.48,19.46,95.74,7834.1,1
55.38,87.58,16.09,33.44,26.9,401.47,7.5,514.31,2.6,12.22,72.7,3647.03,1
82.1,86.28,16.58,78.8,31.28,592.18,6.76,789.31,2.0,3.16,183.59,3316.63,1
84.24,68.68,40.02,70.74,42.0,406.94,7.11,559.88,9.44,13.27,74.8,6610.8,1
75.26,66.41,18.54,82.63,32.12,921.57,8.92,1296.14,2.18,17.95,141.87,2963.65,1
84.69,40.0,16.35,28.23,30.48,1054.63,9.15,1462.78,12.72,4.64,180.92,6298.8,1
72.22,84.27,28.14,89.32,37.32,580.49,8.25,803.57,14.9,3.45,45.59,2208.21,1
73.52,49.0,40.32,34.66,38.15,847.41,8.98,1084.52,5.81,5.76,172.61,6151.03,1
69.24,64.77,22.87,20.82,28.64,1029.1,8.24,1357.62,7.08,16.92,105.7,5350.55,1
51.14,49.9,27.65,89.82,30.77,705.61,6.59,888.07,10.82,13.83,145.28,2354.29,1
54.86,39.37,16.2,39.68,28.54,1224.82,9.19,1707.27,14.09,12.81,99.58,6368.28,1
51.41,74.07,28.47,66.76,27.75,1125.86,6.77,1621.82,13.46,6.99,151.28,4849.18,1
78.64,33.8,32.33,32.37,34.97,277.6,8.34,361.66,1.34,8.64,80.69,3128.36,1
64.15,82.41,32.13,60.62,31.94,945.35,7.18,1198.27,2.95,21.32,43.51,4150.38,1
72.89,52.23,24.97,83.28,33.39,482.39,7.56,648.87,11.44,6.81,191.65,5190.77,1
90.84,30.01,24.47,42.41,38.83,869.02,8.24,1235.18,10.49,20.03,42.62,2186.66,1
61.22,65.78,18.2,66.92,27.82,1348.27,7.68,1834.17,2.43,13.61,171.86,8682.07,1
68.47,33.28,26.0,33.15,31.42,1254.87,7.18,1580.33,7.78,4.47,67.06,6491.72,1
84.0,49.33,17.98,63.74,35.29,685.42,7.4,990.33,11.82,11.35,102.76,2269.01,1
60.3,79.49,38.0,43.55,32.75,549.82,7.42,778.39,3.67,20.97,171.6,7671.47,1
53.46,34.39,43.99,34.78,35.82,481.29,9.09,614.28,13.13,10.37,72.95,3919.16,1
63.04,88.75,44.1,41.92,35.62,839.02,8.66,1203.45,1.27,19.27,178.51,5976.0,1
57.25,30.27,40.95,32.52,34.51,337.1,7.74,451.76,11.84,7.13,119.64,3578.57,1
91.84,47.28,33.02,83.13,39.29,859.13,7.04,1137.81,9.43,13.42,98.58,7000.54,1
86.37,81.86,36.03,47.8,39.09,201.6,8.69,270.59,5.07,18.88,145.99,6922.57,1
78.5,52.14,23.56,37.17,32.12,588.62,6.92,834.02,10.95,20.41,94.62,5640.33,1
89.22,37.13,33.92,51.39,41.87,463.92,7.07,641.09,11.84,11.72,95.57,3306.94,1
86.17,55.22,28.67,42.44,35.11,1365.46,7.49,1723.01,14.04,14.79,157.36,3402.78,1
58.4,48.93,29.46,72.11,28.43,1072.69,8.88,1546.31,5.83,2.06,89.57,4371.47,1
90.17,88.99,37.73,87.99,42.0,619.58,6.86,792.79,10.45,7.06,72.12,2587.59,1
74.27,51.93,23.46,50.66,33.73,311.41,6.83,435.7,9.24,7.57,169.22,4032.42,1
86.33,85.23,24.54,80.27,30.4,820.16,7.83,1129.55,8.12,3.87,168.86,6632.66,1
90.32,92.43,42.74,59.61,41.41,456.14,7.25,587.28,13.41,7.59,119.61,7731.34,1
64.31,60.37,16.69,31.01,23.29,843.72,8.04,1083.45,0.55,8.42,124.26,3994.37,1
54.95,93.7,29.57,68.34,27.19,1202.43,7.72,1712.35,4.59,21.38,151.37,3251.93,1
60.26,56.41,42.38,55.94,28.62,938.95,7.67,1252.5,8.31,15.37,121.48,7744.82,1
69.22,97.49,33.31,65.54,33.69,960.55,6.8,1326.43,3.09,10.52,106.73,8180.28,1
86.81,36.25,31.39,82.28,35.41,849.24,6.88,1147.16,13.66,21.76,199.18,4575.16,1
88.73,78.09,22.49,50.83,35.18,1312.72,8.72,1831.86,9.89,5.06,63.62,1701.78,1
50.31,64.57,25.3,83.08,23.18,1318.28,8.89,1774.21,7.43,11.52,134.84,6712.21,1
72.98,57.14,40.56,72.55,37.61,815.27,7.13,1065.94,12.31,14.94,181.74,7380.25,1
68.78,74.29,31.78,54.2,32.49,566.91,6.81,749.84,7.04,3.11,149.95,1635.18,1
59.99,79.27,30.44,62.23,33.66,751.5,6.64,1068.5,8.6,16.34,180.95,5962.73,1
55.39,30.31,17.99,42.79,27.97,423.87,8.14,569.51,0.54,4.0,93.81,5912.77,1
65.19,41.69,15.48,88.85,28.29,963.61,8.43,1245.65,5.8,4.81,83.52,4340.31,1
92.43,79.91,43.91,66.71,42.0,800.11,7.51,1149.7,2.51,5.19,176.2,7123.25,1
64.54,76.65,26.31,23.07,34.32,323.96,8.34,456.56,10.5,20.58,103.06,4711.34,1
73.35,97.62,33.1,42.86,31.81,437.18,8.42,551.34,7.45,15.66,153.55,6575.82,1
81.64,83.27,17.39,63.63,28.69,775.56,9.03,1124.4,4.88,15.11,63.64,5378.38,1
66.36,96.55,35.49,23.94,33.85,1265.11,6.68,1757.21,7.28,13.11,160.93,3363.48,1
93.73,79.18,42.98,21.67,42.0,879.67,7.02,1127.78,3.54,7.86,127.84,6048.76,1
93.31,50.86,32.27,51.5,39.22,1017.84,6.69,1320.58,13.91,14.42,82.98,7026.81,1
61.33,37.38,18.78,43.29,26.54,606.83,8.84,842.58,1.28,10.2,119.12,8804.29,1
72.38,84.73,32.45,50.68,31.57,885.69,8.64,1245.24,13.05,4.91,151.51,4350.82,1
63.54,75.09,37.99,38.39,36.07,736.86,8.05,956.3,7.91,15.79,41.9,1983.54,1
62.82,33.37,27.19,31.53,32.13,990.96,6.73,1289.62,9.47,4.59,141.99,8909.78,1
51.66,55.2,41.4,68.24,33.98,260.69,7.24,341.88,4.89,5.81,126.65,6178.55,1
77.43,96.98,34.46,56.02,35.16,791.96,7.3,1084.67,14.52,18.35,75.25,8598.38,1
72.62,65.03,41.98,34.01,36.43,555.19,8.01,713.07,4.59,15.2,160.48,2278.7,1
52.32,60.29,33.71,42.37,27.29,591.42,7.2,751.61,9.04,14.62,88.55,4065.25,1
62.54,62.04,18.94,61.43,27.43,1353.1,6.7,1875.09,14.9,10.36,84.3,2504.53,1
90.87,44.62,24.29,25.06,34.06,419.23,8.47,589.37,13.28,9.93,115.39,7766.33,1
60.78,55.81,21.05,30.32,25.21,573.49,7.31,774.32,8.28,15.81,148.18,8102.57,1
56.52,55.89,42.26,25.13,33.08,811.87,7.72,1073.92,14.86,16.8,188.62,5259.84,1
72.03,33.66,37.81,76.86,35.26,1235.63,6.84,1651.31,10.67,12.2,62.62,2899.55,1
94.35,83.73,35.29,72.67,39.86,700.0,8.67,929.38,3.53,21.39,103.43,2453.39,1
60.89,59.16,24.03,72.73,29.57,1092.64,8.03,1575.58,6.38,21.11,50.72,5911.23,1
80.25,87.55,20.52,70.14,32.4,1227.65,8.93,1723.15,5.35,10.25,161.37,5297.82,1
84.27,89.52,37.69,66.86,38.68,572.02,7.84,738.83,5.49,18.41,111.64,6710.92,1
60.69,44.84,29.22,53.39,30.77,671.3,9.04,890.71,11.53,12.87,153.11,3789.05,1
82.77,76.01,21.77,64.96,31.33,627.87,8.91,853.15,8.97,12.24,91.55,4517.76,1
66.55,63.06,33.5,22.69,33.57,1199.43,8.06,1646.33,1.05,3.1,175.09,1660.21,1
78.45,91.61,16.21,63.5,30.59,253.22,9.02,340.23,13.22,13.48,125.57,6076.07,1
78.51,45.1,24.79,74.45,30.3,570.11,7.37,805.0,4.8,20.01,190.98,4673.58,1
74.11,77.45,29.06,55.03,35.69,1015.29,7.49,1424.98,14.96,17.6,52.61,8398.23,1
54.06,72.54,19.44,45.03,23.56,878.53,6.62,1186.92,14.34,17.73,122.28,6313.4,1
87.59,50.67,44.54,39.42,42.0,723.55,8.09,1028.08,14.14,5.2,162.63,4490.21,1
64.44,39.56,21.27,65.0,30.88,847.94,8.45,1187.3,12.26,9.17,136.02,3476.92,1
58.39,75.61,18.91,68.5,28.07,437.1,8.59,614.44,3.7,6.66,43.71,8289.64,1
51.83,81.7,21.11,80.97,25.41,716.86,6.9,1033.2,8.22,8.32,195.57,1621.99,1
76.59,52.09,38.07,43.96,36.75,802.04,7.7,1045.3,3.75,13.59,87.72,3951.84,1
80.49,75.14,27.77,73.88,36.74,1281.43,6.98,1670.38,4.27,9.3,79.88,8576.29,1
50.75,57.66,31.96,59.29,30.22,513.0,8.29,732.46,9.36,13.21,117.71,6405.25,1
73.04,79.92,15.63,81.8,27.49,1241.39,6.93,1743.47,1.09,10.77,126.75,5495.39,1
60.19,43.95,16.03,56.95,24.07,973.09,8.94,1396.68,14.56,7.73,162.61,3026.51,1
79.03,92.32,28.37,56.23,30.54,224.41,7.12,283.34,13.82,3.91,102.92,7750.31,1
57.85,50.12,39.5,60.45,33.59,1069.56,7.29,1471.23,6.02,19.84,110.39,3031.49,1
81.09,55.75,41.56,72.45,39.65,242.66,8.8,310.35,7.97,2.23,125.59,3361.9,1
67.4,34.07,17.6,87.53,30.28,1396.86,7.74,1886.85,7.26,2.03,103.1,2938.88,1
92.15,37.81,31.15,25.15,39.66,1247.16,6.56,1597.8,13.29,18.54,186.33,2686.12,1
56.19,66.11,42.4,23.74,36.55,556.81,7.84,710.28,10.48,21.94,176.2,8649.84,1
65.35,48.73,26.64,85.63,29.27,508.89,6.73,637.36,4.53,16.54,112.8,6015.24,1
55.11,88.48,39.89,57.09,35.01,657.73,9.16,905.07,6.98,2.31,40.03,6283.78,1
91.61,31.03,19.01,63.04,33.5,627.4,8.09,829.3,6.72,6.53,184.15,8657.44,1
89.48,56.54,43.06,53.77,42.0,646.81,7.19,822.11,14.41,21.44,59.89,3229.31,1
61.61,53.61,37.54,26.56,30.62,581.93,8.02,764.99,3.04,18.17,79.12,1544.38,1
79.7,31.35,43.24,73.77,40.53,945.36,6.71,1213.64,1.8,13.34,64.38,5991.63,1
86.77,38.71,35.3,72.31,35.08,397.12,8.66,571.19,13.27,6.74,68.77,5308.84,1
74.98,58.95,25.9,41.82,32.28,1215.18,9.0,1596.74,13.5,2.29,168.46,5082.38,1
73.83,64.5,43.15,41.44,39.44,1174.88,8.86,1547.07,13.14,2.42,132.72,1964.1,1
60.88,58.3,23.27,78.65,27.32,771.78,7.42,1094.36,7.91,14.24,192.98,4908.26,1
54.19,67.17,24.97,25.07,25.18,1223.28,7.38,1687.57,10.07,2.44,77.03,3656.7,1
90.37,71.66,36.02,81.68,41.89,496.57,6.59,691.25,8.67,21.87,117.7,3559.24,1
90.52,30.69,37.96,37.97,40.71,221.08,8.26,304.47,1.51,5.67,196.39,3167.86,1
78.49,62.49,42.88,61.51,38.65,943.05,7.94,1357.27,9.14,16.21,172.23,3993.96,1
65.26,97.44,21.14,85.52,28.8,749.49,7.74,967.89,0.7,5.1,156.58,4148.5,1
65.71,66.33,38.94,67.47,40.33,880.6,8.95,1274.94,5.21,12.8,70.24,3815.82,1
82.67,77.43,37.16,49.01,40.98,1279.21,6.95,1811.6,14.02,3.61,163.1,8840.65,1
90.37,51.83,16.91,68.27,35.84,1363.91,6.53,1865.55,4.91,17.34,95.61,8495.48,1
89.92,84.18,26.62,44.08,37.67,961.34,6.7,1329.03,14.13,13.7,124.89,5808.83,1
85.09,84.1,23.48,39.41,34.83,1116.87,7.1,1541.01,4.13,3.72,137.47,8857.91,1
78.89,66.49,24.13,89.77,28.38,300.57,6.59,379.22,5.06,18.97,137.5,8933.99,1
53.79,98.32,44.49,72.56,32.66,392.86,7.86,508.2,9.61,12.94,156.24,4169.55,1
57.27,38.79,34.28,65.13,30.36,1079.85,7.35,1557.46,11.54,20.43,145.87,4838.91,1
90.43,31.19,36.53,44.87,36.64,717.64,6.99,973.74,7.77,20.33,50.94,8692.96,1
77.29,83.91,44.3,23.44,37.51,735.16,8.53,974.58,13.29,20.41,113.18,6064.7,1
50.41,86.5,26.32,22.17,22.85,570.33,7.05,799.83,1.08,3.56,146.24,3096.97,1
54.57,38.41,39.06,58.79,32.23,928.83,8.36,1258.47,13.87,4.42,87.36,6670.36,1
79.86,48.59,28.04,73.34,36.41,422.2,7.44,528.86,3.35,21.75,90.09,3043.1,1
50.23,31.23,41.09,57.62,34.15,952.3,7.88,1330.6,13.32,11.75,59.93,4045.18,1
57.24,50.53,20.42,78.85,27.29,408.56,9.02,570.53,6.31,6.76,106.98,3206.7,1
74.69,84.12,43.43,22.34,36.95,276.59,6.6,354.87,12.57,17.39,197.89,3337.35,1
81.14,66.26,21.56,45.67,28.97,596.43,7.85,859.65,10.24,7.29,85.65,1534.92,1
79.34,54.37,24.79,36.59,30.0,477.37,8.81,618.09,3.05,16.54,125.03,8105.32,1
60.09,56.02,37.69,51.31,30.68,1266.79,8.09,1699.46,13.81,18.75,158.92,3719.93,1
82.05,30.09,26.81,25.07,33.12,265.94,7.25,338.53,4.06,17.69,42.16,2147.81,1
60.68,50.99,33.25,86.79,31.49,411.94,7.57,564.62,4.04,7.48,184.07,2152.41,1
64.64,75.25,28.34,35.63,29.05,858.46,8.34,1137.54,12.31,10.03,101.85,5670.14,1
83.59,98.19,37.27,84.56,39.62,777.28,8.91,1026.5,2.04,10.27,179.06,8946.9,1
79.23,89.29,21.85,49.81,31.99,255.02,6.61,360.96,3.72,11.83,46.23,2587.67,1
88.22,31.65,16.75,88.99,32.94,208.7,6.69,261.28,7.8,5.35,63.31,2247.16,1
79.59,92.9,24.0,58.78,35.58,1385.68,7.38,1953.24,12.54,11.05,91.6,4787.28,1
75.57,84.82,29.23,85.16,31.76,990.6,7.13,1351.47,2.64,12.22,95.27,5724.98,1
54.22,84.63,20.04,20.37,26.41,638.49,7.22,924.03,8.44,12.63,175.65,3707.85,1
66.55,62.06,25.64,72.38,30.58,764.52,7.1,1045.78,10.81,18.4,41.79,3768.92,1
61.93,57.86,27.0,83.21,29.27,519.86,7.03,655.58,12.98,12.35,142.58,4683.57,1
60.98,51.2,16.72,29.78,27.87,613.85,6.85,773.53,14.07,6.62,61.01,3856.09,1
93.79,34.6,32.5,26.73,41.58,978.85,9.02,1396.46,11.88,15.26,171.71,8364.99,1
67.69,45.98,41.53,49.72,34.56,1259.37,6.89,1786.1,9.97,17.95,164.57,1814.66,1
90.14,47.26,19.55,85.36,34.01,420.96,7.05,555.32,6.79,8.39,119.99,3259.28,1
78.4,63.89,32.93,57.97,36.69,1208.43,7.16,1659.91,2.13,14.91,74.03,7564.15,1
85.77,82.32,34.94,56.92,38.13,345.87,9.02,466.2,10.79,4.94,141.52,7754.69,1
72.62,63.17,27.58,29.88,33.98,457.99,8.54,661.08,14.89,8.84,65.0,2336.66,1
75.96,34.05,36.03,20.06,37.16,244.61,8.63,352.24,11.18,20.18,70.4,8803.23,1
72.16,97.05,27.32,76.71,36.27,368.97,6.78,533.82,0.74,20.23,140.27,6700.16,1
58.79,95.99,30.14,26.13,27.18,1300.76,8.76,1851.36,7.7,13.51,198.6,3544.45,1
82.51,84.96,15.22,64.37,30.71,751.33,7.6,1075.83,9.41,16.05,182.57,4920.28,1
62.63,99.39,35.75,84.02,31.35,293.2,7.21,379.24,10.5,19.08,134.9,3728.54,1
51.09,68.11,34.84,34.61,31.18,1351.67,8.05,1914.24,10.94,21.17,126.17,2625.17,1
79.05,97.39,16.15,66.57,27.18,1254.79,8.72,1746.38,8.59,11.8,199.74,3683.84,1
57.97,35.29,26.05,25.51,29.3,1105.62,8.6,1594.92,3.74,13.23,127.58,5850.69,1
92.32,55.6,44.37,62.26,42.0,1320.17,8.9,1801.04,14.16,10.31,107.22,7694.77,1
92.93,45.78,27.62,31.48,36.43,464.16,9.01,588.1,10.6,3.44,185.53,4226.47,1
91.17,43.71,30.06,71.52,35.42,1203.64,7.14,1648.36,3.93,10.46,77.47,4109.26,1
66.66,39.86,42.3,41.09,35.54,1027.99,7.64,1426.15,5.17,17.81,55.6,5010.01,1
50.7,73.57,36.52,52.44,32.62,1243.71,6.54,1609.44,13.87,18.1,141.45,6334.17,1
91.77,84.69,32.46,61.96,39.25,1156.29,8.87,1536.51,13.37,19.85,55.34,7137.12,1
69.27,70.48,38.93,31.99,37.2,615.79,6.92,843.45,6.37,3.03,99.7,3951.0,1
93.5,40.29,40.93,71.91,42.0,1129.28,8.83,1496.09,1.06,12.54,107.77,5897.64,1
93.36,86.78,28.71,41.18,38.92,514.95,7.39,682.3,1.2,4.15,127.61,4420.21,1
88.39,74.52,29.25,66.37,36.22,594.31,7.49,758.71,4.62,6.01,198.67,6873.0,1
63.25,57.17,26.58,31.08,31.05,329.49,6.61,473.85,9.62,20.0,75.36,2735.06,1
67.33,77.19,44.0,68.17,36.14,1322.09,7.38,1851.06,8.97,11.94,100.12,3426.94,1
88.3,48.19,35.91,28.97,38.64,549.2,8.9,686.64,9.69,17.17,61.16,4695.45,1
64.26,54.16,17.5,49.77,24.15,824.75,6.57,1157.22,10.9,3.29,137.22,8170.61,1
57.63,94.22,40.89,37.3,35.57,669.6,7.6,936.07,0.78,10.34,156.43,5799.94,1
75.06,50.34,29.42,72.39,33.29,1351.91,6.58,1692.52,2.02,15.48,117.13,8740.47,1
92.13,62.9,17.06,38.34,34.37,602.06,7.5,797.08,5.71,4.67,79.33,2274.58,1
81.32,92.31,31.49,81.72,34.28,1134.25,6.97,1555.46,2.75,8.52,139.34,4951.32,1
75.65,79.54,27.51,82.43,34.42,1226.5,7.18,1644.18,1.59,3.29,126.27,4643.09,1
54.37,34.35,41.33,33.75,31.54,722.73,8.87,1015.86,9.79,15.03,67.39,6001.55,1
77.68,40.31,21.12,62.97,31.53,653.81,7.68,872.89,12.32,21.42,104.91,7589.73,1
94.55,30.55,39.79,26.14,42.0,1097.29,7.24,1405.39,11.41,18.54,109.63,7810.86,1
56.3,74.16,31.73,47.41,31.76,1295.48,8.09,1872.33,12.35,21.49,197.22,6526.46,1
73.32,61.34,16.64,69.93,29.11,1105.92,6.88,1435.93,10.15,18.91,175.89,6311.52,1
89.48,39.4,44.16,66.16,39.29,472.55,7.2,658.52,11.16,19.1,157.5,8617.72,1
83.33,97.06,30.38,63.73,42.0,1265.97,7.97,1618.71,4.44,13.54,182.2,4377.66,1
81.37,67.08,23.73,39.78,37.14,665.1,7.14,875.14,14.9,12.37,157.68,7745.87,1
81.61,46.93,29.08,46.46,37.03,891.48,8.33,1193.16,3.16,10.13,184.54,8411.28,1
66.18,65.04,40.74,27.21,34.3,1197.72,7.83,1543.2,3.61,18.36,48.73,5186.54,1
63.21,77.57,24.15,70.33,29.03,426.07,8.58,570.94,4.69,5.64,112.97,6968.27,1
86.42,35.34,20.78,55.27,32.79,1141.41,9.06,1462.64,14.64,3.12,159.5,4327.65,1
86.46,49.23,18.87,69.61,35.75,915.4,6.81,1246.59,14.83,20.96,133.33,2691.59,1
89.02,86.49,23.94,37.43,36.16,1272.01,7.4,1758.86,12.03,2.08,68.03,5898.78,1
91.1,62.18,38.4,42.71,39.65,406.36,7.36,513.03,9.62,21.54,94.48,2973.54,1
73.01,68.26,29.15,43.4,32.51,704.82,6.91,1003.82,8.04,16.58,90.84,4931.99,1
72.57,60.3,21.82,21.8,33.02,1199.41,8.69,1543.68,14.57,8.57,81.82,8046.59,1
85.92,33.07,19.99,43.87,36.68,223.08,8.55,288.9,10.59,15.96,94.9,2145.14,1
79.25,41.6,24.98,76.23,36.61,334.64,7.81,462.57,14.2,18.36,122.38,1728.21,1
81.59,61.19,43.2,82.81,42.0,1388.68,7.95,1866.04,5.09,6.91,176.78,6048.58,1
85.81,44.64,25.29,56.28,34.8,536.47,6.66,724.17,5.34,17.42,158.73,3982.96,1
90.05,33.5,44.64,51.89,36.65,1370.65,8.0,1748.45,12.89,18.09,173.64,4634.53,1
65.21,89.06,29.56,22.16,32.24,419.04,8.64,591.32,2.67,6.99,181.38,4542.83,1
66.9,98.68,20.37,81.54,28.85,633.31,8.05,869.8,14.22,2.84,106.58,2149.65,1
54.23,85.52,41.73,20.91,33.44,1103.44,7.22,1409.18,7.86,6.08,95.36,1526.75,1
76.02,89.76,28.81,86.13,34.2,989.33,8.3,1310.67,13.93,6.01,49.22,8238.17,1
51.62,46.94,36.29,54.25,27.95,897.35,7.48,1267.13,5.38,3.3,188.88,3133.49,1
70.95,97.24,44.51,43.94,39.43,835.88,7.97,1139.86,10.88,16.52,50.53,4695.59,1
74.42,43.78,16.51,84.7,30.65,1212.13,7.82,1541.5,7.5,9.6,158.58,8789.44,1
62.89,96.6,17.9,21.71,28.35,481.94,7.53,638.35,9.59,19.69,100.5,7700.72,1
76.59,99.64,36.61,60.7,38.85,730.97,8.44,949.19,7.81,7.04,191.8,2309.48,1
51.37,79.82,23.45,58.43,27.26,386.54,8.89,523.18,14.52,11.06,107.14,5313.89,1
51.68,98.68,20.53,35.35,24.29,915.13,6.51,1298.27,10.54,14.78,170.66,6975.59,1
87.02,69.87,16.18,50.02,32.28,500.65,9.02,669.5,4.14,19.55,85.22,6737.95,1
66.21,48.17,15.66,65.66,27.21,600.61,7.88,802.82,13.69,12.49,87.85,7206.31,1
55.72,60.59,38.23,70.9,32.53,765.5,8.39,1095.49,4.76,9.47,135.28,4930.91,1
73.5,71.55,19.03,20.05,32.03,232.12,8.81,316.91,5.89,19.34,199.68,2819.42,1
84.65,35.12,29.03,85.58,37.61,310.33,7.76,423.05,1.98,8.2,122.81,4986.54,1
59.71,73.56,33.18,31.52,35.69,1023.12,8.75,1332.49,13.55,3.59,189.81,6359.15,1
78.03,98.68,27.85,36.35,38.67,714.76,6.98,980.33,4.65,10.9,165.8,6064.44,1
53.84,43.31,15.81,38.44,24.15,1237.75,6.93,1689.75,4.25,17.7,167.34,2028.92,1
52.33,85.48,38.51,22.65,23.88,1033.61,8.28,1374.05,13.84,2.62,109.75,1987.14,1
73.91,93.55,15.32,28.61,31.31,209.72,8.85,303.71,12.18,13.72,101.85,8739.43,1
74.33,96.06,37.86,89.04,35.75,940.05,8.91,1340.87,2.55,13.89,70.71,2638.54,1
78.68,97.21,41.8,42.07,37.7,312.47,8.24,437.43,11.66,20.57,194.23,3708.47,1
82.67,66.5,27.99,28.07,34.67,1137.12,7.92,1543.61,13.74,7.73,193.5,7257.26,1
93.91,98.41,31.07,27.49,38.46,1389.81,7.39,1865.7,1.64,7.58,159.53,4572.58,1
73.23,83.01,29.31,70.36,34.79,837.44,9.15,1077.77,12.47,10.81,87.4,2860.99,1
64.53,41.32,26.68,79.82,27.35,1019.34,7.36,1336.5,8.44,9.14,79.23,5004.24,1
85.78,63.38,41.62,37.99,38.86,484.78,8.51,681.01,10.2,16.73,198.18,5767.12,1
62.19,80.28,41.82,21.46,35.87,725.12,7.94,972.2,7.65,14.84,50.65,4895.75,1
69.75,47.31,25.07,35.62,32.46,1227.31,8.14,1750.71,10.62,17.18,174.97,8392.1,1
53.53,74.84,33.45,23.96,31.37,400.91,7.56,512.99,0.99,18.4,96.87,3635.24,1
51.14,76.66,42.81,27.24,31.19,518.64,9.11,701.03,11.56,20.46,107.02,6459.99,1
93.32,41.39,43.86,50.21,41.72,734.52,8.04,1013.19,0.98,10.62,173.12,2342.21,1
87.62,69.56,30.27,36.09,36.49,1054.7,9.03,1427.4,7.1,21.69,54.5,4442.14,1
81.32,84.01,28.58,56.12,35.81,651.06,6.52,929.61,2.69,6.31,96.67,7057.45,1
68.4,64.92,23.36,37.74,33.25,1313.28,8.05,1901.51,12.44,16.29,192.32,3186.13,1
57.8,30.85,43.77,85.84,30.67,313.35,8.44,398.94,5.05,12.68,151.85,5923.28,1
57.04,30.63,19.28,83.42,25.57,644.97,8.51,822.97,7.08,18.34,160.79,2650.78,1
61.26,54.99,32.39,59.68,28.99,1050.74,8.94,1340.82,6.72,11.54,161.2,2270.26,1
74.72,94.83,23.48,44.81,28.59,471.18,6.51,653.17,11.7,17.68,49.69,5424.25,1
82.16,46.01,23.37,46.68,35.65,987.7,6.5,1308.24,7.48,20.6,72.51,6562.58,1
79.71,74.41,27.15,48.83,35.52,397.06,7.78,554.56,11.94,16.65,118.6,2350.25,1
62.6,45.55,44.96,70.93,37.29,267.18,6.58,355.64,1.57,17.52,98.9,8383.32,1
92.97,52.52,16.65,51.61,35.91,345.22,9.13,474.86,3.28,3.34,105.75,3193.29,1
83.21,89.36,32.36,79.97,36.17,1315.98,7.1,1847.6,8.5,6.1,165.03,2399.81,1
74.95,81.02,17.48,86.09,28.99,862.1,7.78,1172.15,14.23,21.49,42.35,3020.24,1
77.53,36.68,19.64,43.52,35.63,1155.61,6.67,1569.21,1.58,15.86,145.68,2771.79,1
68.88,60.01,28.19,59.25,31.59,599.19,7.91,759.56,1.12,13.23,40.02,2180.06,1
61.15,32.04,30.31,26.65,32.37,911.19,7.53,1213.85,2.77,9.34,50.09,7483.79,1
66.02,63.66,22.76,34.03,29.48,793.94,6.62,1079.09,9.8,2.89,105.33,5216.53,1
84.1,76.37,24.49,48.94,30.9,1334.89,7.4,1791.95,6.29,9.38,174.55,4413.9,1
50.65,38.3,17.61,34.43,19.74,1097.09,7.56,1569.01,12.47,11.98,63.2,8629.71,1
55.22,50.22,24.1,81.36,26.08,1076.65,9.17,1541.02,1.54,6.23,128.74,4282.56,1
52.07,57.85,44.0,31.08,35.53,255.62,7.06,361.55,3.35,5.46,148.56,2752.3,1
51.83,94.37,43.34,51.9,34.7,859.6,7.97,1139.03,4.85,12.17,76.73,3555.32,1
88.5,99.53,25.05,62.4,37.72,760.39,9.17,1059.57,9.59,13.72,121.97,3292.25,1
81.66,33.14,32.13,68.43,34.69,1313.41,8.64,1745.6,10.44,6.8,185.83,5240.56,1
71.34,83.27,42.29,46.81,40.87,508.81,9.18,659.68,2.3,13.75,121.96,3686.29,1
54.4,56.02,15.19,80.84,21.99,523.8,9.11,690.67,14.19,20.01,65.17,5370.46,1
72.12,57.47,39.32,59.78,37.22,693.62,7.82,876.86,5.45,11.46,140.45,6519.7,1
71.31,82.8,43.45,50.77,38.01,492.04,8.38,647.7,10.84,19.15,134.75,7329.74,1
57.79,94.29,17.74,24.71,25.31,355.02,6.8,476.49,8.1,20.55,44.31,6826.18,1
69.52,96.57,19.84,52.53,32.0,1228.9,7.69,1770.96,3.73,3.85,54.5,3041.93,1
67.93,70.4,43.82,77.45,35.91,869.93,8.68,1141.94,12.77,3.92,65.09,2369.25,1
77.71,55.0,31.13,63.02,32.62,1233.64,7.86,1764.7,12.36,11.52,61.81,5568.38,1
78.58,85.13,15.43,78.25,30.08,1197.36,8.4,1551.51,6.24,13.76,81.51,2991.84,1
52.04,47.57,22.73,54.58,25.17,538.45,8.51,693.63,9.03,10.52,112.66,2137.0,1
66.86,69.49,28.5,28.29,38.44,857.28,7.18,1160.59,4.24,8.53,99.47,5453.21,1
78.16,55.1,35.79,20.95,38.42,299.86,8.86,415.16,10.5,14.82,182.5,3950.96,1
72.64,75.96,36.99,41.23,35.29,1298.3,7.74,1634.39,4.98,2.04,137.94,7171.12,1
88.54,46.83,44.86,68.86,40.73,685.12,7.07,886.69,12.74,21.36,180.18,3856.44,1
79.64,43.41,23.63,75.32,29.42,672.41,8.84,901.8,3.65,6.64,124.33,8840.38,1
57.33,94.28,31.15,40.7,28.18,563.31,7.63,741.42,0.71,20.34,54.38,7188.92,1
53.18,37.13,31.0,54.7,29.37,752.8,8.53,1048.29,4.39,4.18,114.13,1932.7,1
78.91,65.42,27.17,49.48,37.09,502.11,7.98,678.97,3.27,6.76,171.53,5316.55,1
51.19,45.46,20.07,48.74,27.07,649.82,7.53,833.12,7.87,6.7,71.06,5719.65,1
76.36,32.73,44.32,36.19,40.06,1159.94,8.69,1657.43,3.45,21.92,54.59,6714.77,1
92.31,32.52,40.6,29.55,41.64,1201.11,8.08,1571.75,11.57,2.09,92.71,5233.48,1
75.9,42.27,29.95,33.77,34.99,565.02,7.55,788.89,4.0,14.79,102.22,5125.83,1
67.47,90.67,33.1,23.87,32.41,762.82,6.8,1072.51,10.75,19.39,89.0,4259.54,1
78.95,49.77,21.82,33.87,35.81,1248.58,8.92,1801.25,8.89,15.45,61.64,3535.96,1
70.62,96.53,31.31,20.64,33.24,263.21,6.6,355.25,14.8,9.25,80.13,8596.5,1
74.55,70.71,35.85,63.91,36.01,1266.97,8.83,1739.77,15.0,21.17,149.17,3881.98,1
92.37,60.56,30.46,42.15,34.32,463.02,7.47,609.79,13.11,19.87,101.75,1975.66,1
67.37,70.61,44.71,88.12,37.1,1014.25,8.23,1405.38,11.52,10.68,141.21,2754.64,1
93.25,66.17,33.34,33.56,41.66,899.06,8.99,1207.15,6.1,13.47,125.81,7929.57,1
90.74,83.11,26.13,44.21,34.69,863.53,6.91,1155.0,11.42,21.35,127.85,5899.75,1
58.81,49.77,38.16,45.05,31.56,1231.23,8.03,1749.7,14.37,21.65,79.77,7340.85,1
53.12,54.71,20.11,20.59,26.91,321.89,8.56,405.59,0.84,11.0,123.45,7565.86,1
54.54,92.59,26.54,78.74,24.97,616.43,8.55,879.28,8.3,18.95,43.78,7674.27,1
50.82,96.25,25.41,22.24,28.71,845.9,7.92,1201.53,3.66,8.04,109.08,5629.6,1
54.25,92.48,27.95,85.81,27.28,1173.55,8.19,1585.78,8.59,9.44,131.62,2828.4,1
80.74,59.36,38.45,82.45,37.87,459.73,8.55,619.74,7.26,5.3,69.12,2611.75,1
53.2,84.63,29.53,57.49,26.39,1163.52,8.77,1538.59,8.85,6.18,81.05,5804.88,1
64.35,63.34,38.82,58.05,35.43,679.57,8.56,984.58,8.49,15.14,75.12,4248.86,1
88.02,64.83,32.29,65.76,42.0,426.7,7.46,542.86,14.42,12.22,51.29,5685.36,1
51.05,44.33,25.26,47.09,28.17,1110.78,9.19,1519.6,8.51,6.62,95.66,5238.58,1
86.65,71.38,39.3,65.31,38.69,309.08,7.67,428.49,12.77,10.06,196.63,6016.49,1
62.68,43.03,22.15,23.13,30.69,817.72,6.57,1174.96,5.14,9.46,96.62,1740.84,1
55.32,53.21,21.73,23.78,25.8,276.65,7.48,388.98,6.85,21.75,113.69,1746.28,1
81.35,89.85,30.14,52.01,38.63,627.7,6.85,865.46,7.32,19.07,144.49,6911.96,1
78.3,44.5,22.83,58.47,34.18,921.29,6.83,1173.14,4.54,9.76,143.76,2948.45,1
89.49,34.98,15.27,82.15,26.83,867.34,7.26,1149.0,6.01,20.28,191.98,6391.49,1
83.08,34.83,34.45,27.33,35.82,685.59,6.64,876.02,9.18,8.85,177.21,5599.32,1
86.16,95.85,30.33,77.59,39.04,714.86,8.36,1019.56,8.91,15.36,167.03,8863.46,1
62.69,65.48,28.37,34.7,30.9,472.12,6.7,660.94,9.73,21.33,192.26,7765.54,1
57.98,58.66,44.01,47.59,32.85,747.06,7.05,1047.01,5.6,9.81,76.92,4598.51,1
83.78,86.76,32.14,42.16,35.92,1343.91,6.75,1855.2,5.08,15.6,138.73,6123.1,1
86.31,88.51,40.9,48.01,37.08,1220.54,6.67,1649.45,9.37,7.92,181.95,2379.67,1
94.57,53.25,19.18,30.53,35.18,374.28,7.22,479.08,2.43,7.33,139.86,4397.9,1
68.57,78.55,32.08,55.25,37.79,235.74,8.04,310.22,4.17,13.48,196.39,7004.16,1
66.74,83.98,41.04,76.11,37.66,1320.23,9.1,1686.44,1.11,21.59,56.06,6170.04,1
84.94,75.83,32.49,50.91,41.99,832.1,8.86,1160.76,1.55,11.06,110.29,5133.53,1
65.34,40.61,36.54,54.34,35.89,845.41,8.87,1083.85,4.03,20.75,196.38,2823.97,1
91.88,91.31,26.16,79.41,39.18,1136.86,6.98,1580.72,0.78,20.29,100.73,7523.59,1
88.63,67.74,17.77,69.42,37.33,577.63,7.22,802.01,4.06,7.08,158.33,3548.75,1
69.3,49.77,28.74,54.33,33.14,778.29,6.71,1044.36,10.0,10.04,44.86,7653.59,1
83.79,59.77,26.83,38.04,34.96,1362.4,8.6,1739.84,1.39,14.87,151.17,6087.07,1
83.95,32.63,41.01,81.94,42.0,1006.58,6.69,1321.6,6.83,12.36,189.54,4295.49,1
54.64,38.95,22.32,60.39,29.38,384.49,8.0,505.23,13.74,3.92,101.23,1804.54,1
90.61,83.59,44.0,35.48,42.0,359.87,7.17,500.25,11.97,21.87,43.41,3243.14,1
72.74,30.0,43.74,38.84,37.05,445.12,7.16,566.52,4.93,17.05,44.47,8168.03,1
87.19,59.16,22.43,76.22,34.93,1120.05,9.17,1585.79,13.91,10.75,182.72,7634.81,1
64.4,66.58,25.44,23.09,31.67,554.45,8.54,777.45,5.28,14.36,155.6,5811.4,1
90.3,33.82,41.87,89.45,42.0,225.67,8.76,290.49,1.55,3.75,57.07,4997.42,1
67.51,98.12,44.0,29.12,34.43,1333.01,8.04,1857.99,14.91,11.91,48.73,6353.57,1
50.49,45.83,28.3,75.72,31.35,403.66,8.85,558.54,13.12,20.62,168.77,4996.86,1
90.74,51.29,24.63,47.63,35.02,211.47,8.24,295.98,7.26,19.93,169.58,6332.29,1
54.11,51.28,30.78,54.46,28.77,484.56,9.05,624.01,10.16,8.75,59.28,3805.53,1
64.37,46.13,35.63,81.65,31.76,482.03,7.26,617.74,10.23,12.63,88.24,7788.73,1
92.75,30.1,23.2,48.9,41.71,706.41,8.11,916.42,3.32,15.95,164.8,6764.38,1
92.78,81.05,37.09,57.62,41.66,1304.47,8.36,1726.04,3.4,8.8,124.07,3974.82,1
75.8,97.68,16.55,23.45,28.04,1255.02,7.56,1767.99,7.31,3.3,193.05,7730.0,1
78.43,45.7,16.48,20.16,32.1,748.27,8.88,1045.78,13.72,12.11,116.97,5155.07,1
70.18,76.41,26.59,37.14,33.39,693.08,9.15,994.63,0.64,14.03,148.31,2809.79,1
63.19,81.93,25.6,67.64,29.38,866.01,7.83,1092.67,11.85,2.12,121.57,2082.84,1
64.79,89.39,24.47,28.49,31.44,492.14,7.55,616.32,1.33,3.91,190.87,6747.04,1
80.26,59.58,29.73,27.96,33.82,262.62,7.77,365.0,7.43,6.15,103.79,7988.41,1
83.86,51.21,24.62,48.77,33.6,1327.07,8.8,1732.96,9.75,8.96,76.77,7555.81,1
85.62,52.77,20.77,65.35,29.65,424.04,8.24,558.38,10.46,12.82,92.26,6417.38,1
85.53,79.88,24.28,69.85,32.23,438.08,6.62,595.51,1.35,7.88,176.44,2560.31,1
54.1,87.17,44.25,32.49,37.63,766.95,7.96,974.4,6.57,7.52,119.67,2205.33,1
72.25,42.71,27.33,25.57,35.91,789.94,6.55,1088.96,8.97,19.39,96.68,4087.72,1
52.59,55.97,28.34,85.83,28.2,222.12,8.6,292.1,1.46,4.9,127.08,7911.83,1
74.73,93.14,32.3,38.25,38.31,377.55,7.39,519.71,2.46,11.91,61.32,8713.02,1
69.87,86.47,44.5,79.73,37.72,653.79,7.77,926.28,10.12,21.06,40.86,3310.21,1
89.95,98.94,22.25,80.44,34.79,1020.48,8.66,1310.52,8.06,14.5,84.89,7215.72,1
65.79,82.8,35.44,74.08,33.96,474.1,6.63,680.89,2.85,16.34,136.8,5804.02,1
55.27,57.52,36.48,31.82,31.34,707.62,6.93,959.63,8.26,10.62,153.87,1738.56,1
56.43,71.34,33.22,77.53,30.31,868.81,7.57,1246.39,13.73,2.4,172.26,5571.87,1
84.27,76.27,17.66,73.85,34.53,1266.31,7.12,1635.5,0.73,14.92,188.27,7544.55,1
77.82,35.49,35.31,61.77,37.11,591.28,7.41,810.6,9.82,14.64,105.94,3570.92,1
54.55,68.11,16.92,43.6,25.99,360.27,9.2,479.44,1.57,4.21,158.48,8230.21,1
53.78,79.65,32.88,38.38,32.02,787.13,8.73,1105.79,0.59,11.24,51.95,3271.95,1
81.54,41.71,37.19,28.53,39.18,1096.07,8.89,1502.91,2.68,20.31,49.2,2073.55,1
53.27,84.64,21.33,55.68,23.84,331.83,9.03,447.61,6.63,6.1,59.97,2699.54,1
86.98,70.86,40.25,60.97,38.13,709.62,7.42,1016.6,12.13,11.22,111.77,7777.52,1
81.78,96.66,15.91,45.15,31.31,221.34,7.3,293.37,4.59,11.22,73.81,4629.79,1
53.66,32.97,40.31,53.28,32.18,240.27,7.13,310.91,9.57,18.22,85.91,7477.09,1
53.82,48.57,28.81,45.45,28.71,779.54,8.74,1069.24,6.46,18.49,143.66,5484.25,1
94.4,72.11,21.53,64.87,36.1,557.84,8.33,766.92,3.9,17.19,97.36,5104.19,1
66.84,50.76,19.01,83.09,33.53,1214.13,7.14,1624.28,7.96,9.31,129.18,7551.85,1
66.68,80.01,43.6,31.47,34.27,922.59,7.52,1243.02,12.06,3.44,105.98,4676.16,1
86.58,83.13,17.18,46.7,28.68,744.72,7.87,1073.82,12.57,8.99,67.04,7515.25,1
92.63,37.18,20.97,29.86,36.16,689.52,7.93,962.94,12.77,15.6,51.84,2254.97,1
94.37,65.97,25.43,63.75,36.74,796.69,8.9,1013.49,5.41,16.05,77.8,6272.33,1
83.9,65.62,33.61,71.02,38.37,248.53,7.53,321.2,12.01,21.3,49.23,6769.4,1
66.93,55.85,31.34,85.23,33.87,1271.35,8.95,1837.25,3.58,11.07,138.98,8243.23,1
53.76,95.3,18.77,39.52,27.58,1397.96,7.69,1950.57,11.21,14.65,167.31,3182.43,1
84.97,87.93,23.69,86.51,31.52,417.78,8.52,598.69,14.25,12.78,94.36,6031.65,1
75.13,78.8,22.16,24.43,30.43,344.46,9.01,451.51,0.7,5.01,101.94,4749.42,1
69.09,80.0,21.41,62.21,30.62,372.29,8.95,520.6,6.89,11.22,170.59,4370.79,1
90.79,62.32,27.33,24.0,38.8,993.23,6.65,1383.37,9.89,12.9,75.62,2300.35,1
55.0,94.47,36.12,82.56,35.78,993.73,7.06,1300.73,10.68,21.01,59.07,2506.75,1
72.17,78.62,21.52,57.09,32.49,1217.51,7.79,1656.01,3.05,9.33,120.18,7777.41,1
50.51,81.03,26.0,66.85,26.61,1102.19,7.67,1516.05,14.6,21.6,143.39,7123.15,1
71.09,90.32,26.73,78.21,30.35,739.63,8.23,995.71,9.42,12.85,135.94,4367.56,1
52.53,49.19,44.29,30.52,32.51,935.43,9.05,1324.04,2.88,6.85,154.22,7713.65,1
55.35,86.49,43.64,22.7,32.93,1025.94,6.8,1453.32,0.8,5.83,49.08,2105.75,1
55.29,43.67,39.0,81.52,33.78,815.28,7.72,1157.8,11.86,4.83,108.51,6185.8,1
79.21,54.17,22.25,42.05,33.11,770.78,7.02,1087.33,1.66,11.06,78.17,8011.32,1
83.57,53.49,17.04,29.03,29.21,974.12,8.91,1312.74,2.55,2.44,161.46,7791.48,1
76.25,98.5,24.51,52.79,31.77,868.97,9.1,1152.5,8.84,10.9,179.64,4295.87,1
93.3,89.96,23.0,61.88,38.13,972.73,7.79,1377.65,9.25,21.77,85.01,7089.25,1
66.87,79.08,30.18,22.17,32.98,935.43,6.78,1260.99,10.46,15.4,55.23,4706.01,1
62.86,80.89,38.33,39.24,35.27,1063.04,8.62,1381.18,6.21,17.2,80.55,7801.04,1
89.09,69.35,40.75,22.3,42.0,971.36,8.38,1312.77,11.72,4.38,56.64,5480.71,1
60.06,96.3,40.35,49.42,37.39,823.69,7.46,1052.98,14.63,11.46,91.59,7236.43,1
93.35,64.74,25.79,82.66,37.83,1018.16,8.9,1413.53,4.43,7.72,126.11,2089.29,1
50.55,56.64,35.62,88.79,29.33,739.38,9.13,973.9,10.69,19.88,195.79,5925.19,1
93.64,41.41,24.39,64.59,35.11,490.01,8.01,638.05,13.96,5.63,103.9,5627.13,1
51.94,85.03,16.83,31.31,24.37,201.7,8.03,290.71,10.45,11.17,75.21,6074.83,1
90.1,81.41,36.05,83.41,35.26,871.96,7.3,1225.43,10.38,13.76,66.69,6717.31,1
73.75,56.9,15.29,56.14,28.42,908.79,8.08,1279.04,3.74,12.28,67.69,8385.82,1
94.68,31.76,27.28,30.76,37.81,1366.46,7.69,1878.53,8.26,18.6,70.82,7392.62,1
53.32,88.73,24.88,84.52,24.31,633.77,7.32,898.59,8.66,6.63,161.96,3147.28,1
74.92,30.8,35.8,73.02,34.4,672.96,6.68,943.38,10.65,9.55,49.76,7694.22,1
93.62,79.26,37.99,71.22,42.0,442.16,7.18,605.65,14.95,17.84,199.58,2415.6,1
73.54,97.92,24.12,69.64,32.29,284.64,7.03,410.52,0.99,12.56,123.63,6166.49,1
78.32,60.64,39.35,34.02,38.56,1127.37,7.96,1452.41,1.45,10.04,127.08,8120.65,1
81.31,46.45,23.82,34.77,34.28,499.62,8.12,718.79,1.63,2.59,97.21,2258.42,1
70.45,79.34,28.39,68.18,32.74,930.69,8.14,1238.08,11.27,17.07,150.44,7872.69,1
78.24,87.2,36.81,35.38,39.93,1025.33,7.55,1390.02,2.48,21.44,115.43,7489.66,1
76.29,68.25,35.79,50.71,36.85,765.48,7.64,975.65,9.53,14.41,92.65,5278.32,1
90.55,97.69,44.62,74.74,40.34,1251.62,8.75,1699.73,5.21,19.13,82.42,3816.73,1
52.05,33.62,21.75,74.88,28.89,732.55,7.79,1005.24,7.13,12.34,188.1,4540.79,1
62.64,65.34,34.87,51.73,33.61,541.89,9.17,785.49,3.63,6.63,86.56,8764.94,1
92.77,80.29,33.29,75.45,38.67,1275.22,7.69,1842.74,13.06,2.29,109.82,3012.73,1
90.06,90.38,42.45,78.7,39.87,1233.88,8.25,1780.83,9.0,15.07,96.05,5847.03,1
70.5,42.55,19.69,65.83,30.31,396.85,6.64,523.71,14.2,11.86,53.79,2124.31,1
77.91,86.0,37.55,35.99,37.39,231.15,8.26,334.77,8.83,17.64,69.75,3134.2,1
62.48,68.69,32.05,39.18,34.99,307.98,8.8,413.03,2.3,15.89,70.32,7224.87,1
58.47,57.76,23.24,42.04,27.06,543.86,9.04,772.48,2.98,21.76,150.98,3769.49,1
70.87,39.22,29.23,28.18,31.27,1366.71,9.19,1767.52,14.84,12.21,105.05,8893.25,1
65.9,90.57,25.01,39.12,32.02,870.22,7.26,1175.81,11.02,10.54,165.11,5256.13,1
76.26,41.01,32.38,34.67,37.25,647.91,8.05,935.07,1.21,7.73,153.43,5374.04,1
53.5,51.69,41.67,51.87,33.3,1266.46,7.72,1822.95,10.7,11.54,70.73,1772.36,1
93.85,50.3,32.08,83.59,41.04,743.76,8.02,1031.41,6.48,19.46,130.07,8673.95,1
94.38,91.0,33.95,27.31,40.4,578.29,6.93,815.13,4.95,2.85,158.87,2806.75,1
81.42,77.09,30.56,70.42,36.52,1329.46,8.81,1708.74,2.73,21.56,141.29,5537.55,1
74.12,85.77,16.53,68.11,31.65,1219.42,8.96,1700.28,12.68,21.87,136.0,4467.56,1
63.93,47.53,21.99,26.7,29.93,1212.4,7.71,1665.37,1.43,13.96,158.34,4616.89,1
86.62,73.74,29.76,84.58,36.73,814.74,7.26,1033.35,4.7,8.63,49.08,6324.75,1
80.81,70.02,24.31,59.79,36.42,1147.33,6.88,1460.12,4.94,6.46,157.03,6465.67,1
57.32,88.3,20.45,45.46,21.76,415.22,8.35,528.04,2.83,7.53,83.62,2657.16,1
90.99,93.43,30.12,72.96,42.0,887.87,7.34,1238.46,7.87,3.0,131.5,5246.9,1
87.01,30.85,24.68,38.02,31.98,1380.62,8.96,1764.9,0.67,11.5,78.77,7428.58,1
92.74,77.18,22.74,68.55,34.89,549.15,8.31,737.81,4.86,3.15,174.21,4824.65,1
82.66,33.63,28.92,22.78,35.7,1153.22,8.24,1523.86,14.04,16.37,116.89,2743.53,1
77.6,68.42,19.0,78.76,30.76,788.57,8.01,1072.54,5.0,9.44,142.87,3849.13,1
68.82,50.13,42.83,51.37,39.21,247.77,6.62,344.72,5.73,5.99,167.05,3092.85,1
91.97,51.47,41.03,64.57,40.24,1115.62,9.02,1547.31,7.36,12.9,183.25,2443.63,1
88.97,54.71,36.23,35.49,40.44,402.28,8.2,544.33,8.64,21.48,157.13,4331.86,1
52.03,73.49,18.19,67.4,23.22,957.77,9.18,1286.16,12.23,15.9,63.8,5557.02,1
51.19,53.38,38.28,74.06,31.78,302.8,7.95,402.59,3.26,11.83,176.73,2045.64,1
66.94,81.29,39.24,53.12,35.34,1336.24,8.42,1900.64,13.14,17.54,138.97,6028.68,1
86.47,58.32,38.03,63.24,40.12,550.07,6.65,723.98,11.48,16.75,137.51,8947.68,1
94.43,34.78,18.42,51.94,33.95,471.76,8.21,614.17,10.98,19.83,187.41,8730.94,1
56.77,84.86,34.32,82.59,30.18,354.96,8.56,496.47,1.76,6.09,79.81,7718.8,1
76.74,50.0,40.03,54.85,38.77,1335.2,8.6,1765.07,0.81,19.18,78.33,3497.56,1
67.14,60.29,32.32,78.93,34.98,1054.28,8.58,1496.45,9.11,8.02,122.11,1668.06,1
93.65,77.98,34.39,76.09,39.25,1089.99,7.11,1433.97,13.02,20.82,160.14,7751.56,1
87.9,53.27,28.75,48.74,35.3,799.29,9.13,1111.32,8.97,7.62,111.56,1917.9,1
87.72,33.96,30.86,36.11,38.96,769.67,9.19,969.04,3.59,20.54,141.42,3042.21,1
71.09,56.17,16.03,48.43,28.32,332.03,6.7,440.64,1.81,21.28,112.4,5583.4,1
68.67,96.11,34.17,77.84,35.79,871.81,9.03,1149.61,10.64,4.91,137.66,2837.84,1
62.3,74.92,17.44,35.93,24.87,496.3,7.28,701.44,10.97,21.49,171.56,7753.41,1
52.54,77.0,28.05,56.71,24.39,1372.57,8.36,1981.19,3.0,3.71,68.88,7328.7,1
88.91,74.26,23.78,76.43,34.48,1155.9,7.41,1551.42,0.91,6.37,151.26,7168.27,1
86.58,43.93,31.36,44.74,36.09,695.59,9.11,984.24,6.42,10.88,165.99,7620.96,1
94.99,59.28,19.0,64.95,35.24,381.61,6.77,530.41,8.95,21.87,111.54,3147.76,1
94.85,82.57,35.75,37.19,39.95,1142.4,7.84,1649.03,10.74,11.77,91.72,6966.69,1
74.99,37.1,38.85,27.65,38.83,346.46,7.66,489.28,12.24,13.01,42.17,4164.61,1
84.6,49.45,19.9,75.61,32.54,427.2,7.38,540.62,9.35,15.89,167.54,6501.34,1
92.51,49.34,18.13,26.93,34.77,453.82,8.24,632.02,2.11,21.37,92.47,2415.16,1
88.23,60.24,19.37,39.0,34.15,868.27,6.85,1178.33,10.4,17.67,97.17,6791.9,1
61.13,98.63,41.31,79.86,35.13,1144.47,8.43,1434.35,14.77,6.48,93.76,8790.81,1
70.27,34.73,30.85,44.25,33.32,577.18,9.15,750.48,13.63,8.06,119.8,1827.0,1
55.81,66.31,29.02,88.11,30.13,301.6,8.67,432.61,13.14,3.95,152.4,2203.72,1
92.93,42.56,18.2,88.58,33.01,757.45,8.82,1087.1,4.88,14.89,163.5,2427.28,1
77.28,97.95,34.49,38.78,39.19,1097.73,7.47,1547.55,11.39,5.61,102.81,4729.23,1
60.29,37.93,41.04,22.87,33.96,466.0,7.38,674.0,12.84,7.15,146.1,3680.85,1
80.23,58.25,39.85,69.35,36.38,463.91,7.9,654.72,10.34,19.76,155.31,7551.9,1
77.82,81.65,33.78,51.57,36.65,1336.67,6.62,1673.57,4.13,8.54,87.51,5053.4,1
66.12,79.32,17.26,27.05,25.87,1344.98,9.05,1758.66,14.33,13.33,55.46,5134.03,1
55.11,59.59,18.37,69.53,26.54,1388.56,6.89,1744.2,7.04,9.95,183.15,6877.79,1
80.22,54.26,16.48,22.18,35.24,1169.19,8.94,1483.5,2.38,3.48,148.34,4214.77,1
73.41,57.83,22.72,80.91,29.73,425.82,6.73,550.91,2.09,9.26,143.7,4149.05,1
84.75,48.5,19.07,29.71,33.53,454.38,8.72,613.73,9.89,10.16,49.42,7176.95,1
73.41,44.37,22.8,28.91,27.82,608.27,6.91,863.44,6.85,19.91,170.86,7350.31,1
88.35,63.81,26.55,32.3,37.29,581.76,6.6,827.49,1.87,8.49,130.57,1607.99,1
74.84,48.8,43.29,87.22,37.09,1347.83,8.44,1850.9,11.24,9.58,175.66,2578.43,1
75.24,50.12,33.31,68.52,34.22,1146.89,7.26,1646.51,12.09,17.66,195.93,3098.24,1
89.45,75.97,40.05,76.1,39.18,1068.81,8.43,1442.91,11.02,17.18,193.14,4137.0,1
68.16,97.8,36.31,47.83,36.21,423.16,8.0,604.19,3.43,17.97,176.97,3685.86,1
56.03,72.25,18.38,43.54,27.45,1291.43,6.79,1731.57,10.5,21.08,41.75,6513.9,1
51.3,35.39,37.08,36.41,30.85,1193.44,9.02,1557.98,0.66,17.91,181.72,7711.01,1
83.98,35.29,23.25,53.65,32.4,396.37,7.72,568.11,4.92,10.15,52.01,2940.65,1
77.91,96.6,34.17,58.63,39.62,1245.4,8.48,1653.38,6.28,18.43,176.19,5722.35,1
81.68,50.81,25.23,64.22,32.75,526.7,7.85,711.4,12.61,12.17,84.83,4258.62,1
59.58,36.44,44.93,38.0,31.3,297.04,8.13,390.84,6.16,7.55,137.61,5293.33,1
56.14,71.93,22.91,86.41,27.97,988.19,7.32,1366.23,0.66,8.06,46.09,6155.68,1
50.65,73.66,23.37,31.88,23.63,984.57,7.04,1426.64,5.61,6.48,163.39,8202.0,1
65.78,75.4,42.92,87.6,38.44,313.92,7.96,394.0,7.73,4.9,57.87,2942.2,1
76.55,48.72,15.74,21.04,28.88,582.62,7.69,833.13,14.26,5.69,105.71,2152.55,1
67.65,31.06,35.9,53.68,35.69,1391.38,7.55,1740.31,14.14,3.26,170.79,6204.09,1
69.69,97.55,36.76,43.34,38.09,1014.11,8.32,1341.51,3.12,19.77,151.26,4455.98,1
90.69,47.56,40.09,51.44,39.29,1076.09,8.36,1381.4,3.18,20.62,40.97,2721.77,1
65.67,77.32,44.23,59.95,35.77,455.5,6.62,638.37,2.87,13.74,104.49,2378.15,1
73.13,79.46,44.27,50.49,38.62,294.54,7.41,371.15,11.94,18.81,46.71,5691.82,1
85.26,72.7,16.96,49.04,35.33,532.28,7.61,724.27,0.59,5.67,147.76,3753.53,1
67.84,51.9,39.66,71.29,34.52,498.68,6.76,652.76,2.34,20.03,195.03,8980.7,1
77.99,48.98,34.39,68.01,35.35,481.45,7.14,614.69,8.3,12.13,144.84,4544.26,1
88.81,71.84,34.42,78.33,40.2,431.31,6.64,605.71,4.09,3.34,75.9,3092.15,1
92.73,90.63,18.85,37.5,33.63,889.71,9.19,1150.82,1.84,4.83,96.84,6216.37,1
56.62,96.27,34.51,62.67,31.54,593.72,8.49,768.72,5.72,8.18,196.26,3331.91,1
91.7,37.41,44.47,60.96,40.39,1184.41,6.74,1545.68,4.48,2.87,75.85,5205.65,1
72.15,40.84,42.35,45.88,42.0,420.74,6.55,575.3,7.91,8.19,129.84,5119.32,1
61.62,96.13,28.17,54.02,27.57,757.55,8.44,1046.89,14.7,3.2,104.07,4901.68,1
70.66,81.56,16.2,41.96,27.69,216.39,7.69,271.25,2.3,6.72,162.93,7470.64,1
94.1,91.81,25.87,29.93,37.51,778.02,8.62,1010.16,5.9,7.31,178.78,3124.6,1
72.17,44.18,39.79,34.97,40.79,267.01,8.99,356.77,14.01,21.89,94.53,8282.3,1
64.79,71.13,36.04,27.39,31.16,1373.27,8.12,1807.76,13.21,6.71,145.66,7435.05,1
78.5,79.08,28.78,67.81,38.67,1148.71,7.01,1639.02,6.22,6.78,127.85,3998.42,1
60.81,77.61,16.65,66.25,27.54,788.13,8.61,1109.33,10.63,15.74,84.55,2854.52,1
53.41,58.57,27.81,86.54,28.92,303.9,9.08,417.92,1.77,19.19,83.51,3596.51,1
55.8,31.08,29.07,71.08,27.16,910.93,8.07,1200.26,10.83,9.74,126.18,3994.77,1
55.76,70.8,42.86,23.64,35.08,1110.52,8.34,1543.77,14.61,19.51,64.64,5677.0,1
56.84,47.72,34.23,81.9,29.74,428.86,7.41,608.44,8.29,8.8,169.73,1847.76,1
56.25,61.52,24.35,80.39,30.12,881.85,7.53,1207.22,7.73,5.94,51.04,8357.69,1
78.84,97.03,30.76,51.03,33.53,1177.05,8.48,1655.99,3.22,8.59,55.13,2240.06,1
58.18,57.93,16.98,61.01,25.26,1121.9,9.0,1570.46,9.69,14.19,94.76,3594.55,1
65.56,88.79,44.18,88.33,35.74,1163.59,8.2,1587.54,9.06,9.34,58.89,2319.66,1
90.36,43.2,25.8,57.26,34.64,1255.19,8.63,1647.35,9.95,15.46,116.11,3425.05,1
71.33,77.07,29.34,83.37,34.58,1325.22,6.96,1854.19,0.88,6.74,103.95,7782.55,1
80.04,98.39,25.66,25.81,35.06,686.63,7.07,886.68,8.46,16.02,155.49,6113.82,1
57.75,37.13,35.48,33.37,34.27,882.52,7.94,1240.74,9.13,8.95,192.48,3204.92,1
58.65,30.58,34.87,50.85,28.31,1148.79,6.98,1620.84,3.51,11.12,160.57,8038.19,1
51.84,60.35,36.46,60.93,32.85,1036.57,8.21,1466.15,3.52,13.15,68.71,7505.34,1
57.6,36.48,23.04,77.14,32.48,1394.62,7.29,1875.19,4.51,15.72,189.68,7152.37,1
62.54,82.39,24.47,89.18,28.3,216.41,8.64,278.85,10.82,6.77,102.74,7857.25,1
57.97,94.02,18.76,47.22,29.85,626.16,8.68,795.19,9.29,18.72,115.87,6147.37,1
53.99,60.38,34.67,23.32,30.1,537.23,7.75,751.41,12.76,16.44,107.45,5260.78,1
55.43,48.11,16.19,76.08,21.78,514.78,6.99,734.72,4.79,6.68,84.89,4304.51,1
70.74,60.41,32.93,62.31,33.6,467.04,8.25,644.59,13.72,21.5,183.21,3178.23,1
59.29,80.64,41.09,33.9,36.3,1050.95,9.18,1343.99,11.28,15.3,93.16,5680.59,1
66.39,30.63,41.72,54.64,34.53,301.71,8.18,433.55,6.23,11.05,132.58,8171.19,1
72.65,71.26,28.47,71.96,31.93,1089.93,6.6,1578.02,1.88,5.15,78.41,5954.86,1
81.07,72.93,28.78,73.93,36.53,1032.11,6.55,1379.6,4.23,12.66,167.58,8397.05,1
51.77,74.64,17.31,54.97,24.01,500.96,7.36,685.8,14.37,5.3,163.87,4176.88,1
85.97,46.94,35.12,41.37,39.96,503.4,7.03,707.5,5.0,10.59,87.41,6713.53,1
78.26,79.98,39.64,88.16,38.91,954.63,8.7,1333.89,5.28,10.17,149.05,6364.99,1
53.68,36.4,22.34,66.44,27.2,1114.61,8.78,1609.0,3.25,16.4,152.62,6528.25,1
89.31,43.95,27.64,48.58,36.14,1251.78,7.2,1593.49,12.2,5.85,130.0,6337.82,1
91.44,91.42,40.17,39.63,42.0,1222.57,7.38,1670.2,4.5,18.44,136.1,3162.41,1
52.75,81.71,41.31,71.18,30.79,1357.86,7.14,1885.23,5.29,8.52,131.91,2576.93,1
62.46,30.96,22.3,36.95,31.0,897.66,8.95,1281.88,6.51,10.88,53.1,8839.71,1
86.28,47.39,31.52,32.02,36.33,1290.39,7.86,1838.57,6.79,17.45,147.24,1839.71,1
83.67,45.01,20.77,57.09,35.45,1170.22,8.27,1691.66,6.46,14.51,115.16,5008.02,1
58.3,48.96,18.06,40.3,25.43,1273.6,7.62,1722.44,7.8,8.16,110.15,4688.1,1
59.42,47.33,42.33,64.02,35.08,213.95,8.2,302.99,12.31,9.72,177.6,4200.14,1
66.67,34.38,39.62,28.26,34.54,1359.08,7.54,1815.0,12.38,8.12,43.72,7364.88,1
71.8,62.13,37.8,65.85,34.15,768.24,7.42,1025.18,12.08,13.9,80.21,7090.13,1
77.82,81.29,16.46,39.83,26.73,1157.82,8.21,1505.94,1.97,8.65,59.42,8289.19,1
66.6,72.47,40.31,20.02,33.65,352.64,8.1,498.52,12.1,16.51,45.65,4466.16,1
70.81,77.1,28.14,28.89,31.91,675.13,7.29,977.02,2.24,13.6,84.11,5731.35,1
83.64,35.68,25.27,85.35,35.18,525.75,6.9,684.15,2.31,4.91,198.16,8192.3,1
51.65,96.6,31.39,80.71,30.92,549.99,7.5,693.66,14.24,8.21,83.24,8953.86,1
61.36,88.69,17.74,36.35,25.66,347.91,7.62,491.63,12.38,6.43,146.19,8769.71,1
82.1,86.36,37.7,74.49,36.96,1166.92,8.2,1603.4,8.51,9.81,58.93,6883.83,1
90.28,87.61,32.47,62.6,36.05,211.09,8.97,304.38,13.19,12.32,136.3,2574.21,1
73.03,95.29,20.6,87.96,31.43,575.01,6.6,747.77,14.85,12.14,197.52,1673.9,1
73.95,68.1,20.65,46.15,33.48,409.29,7.16,517.43,9.35,17.09,86.69,7689.14,1
54.82,44.02,20.53,67.7,28.42,906.85,7.02,1222.87,9.39,5.78,175.69,7807.07,1
70.13,73.17,16.71,24.45,29.8,505.1,7.86,640.01,11.44,20.93,199.61,7097.71,1
73.97,82.0,32.63,47.74,36.19,510.8,7.66,665.24,3.87,8.86,134.17,3599.43,1
60.91,81.65,40.21,87.47,37.7,786.01,8.47,1002.31,2.92,8.0,89.5,6298.63,1
62.12,66.5,15.52,57.73,26.63,983.23,7.15,1273.11,11.51,15.7,147.77,3871.86,1
66.98,34.79,16.47,40.15,28.8,345.57,8.11,439.29,5.5,18.11,175.18,4879.86,1
50.9,55.98,32.18,28.42,28.35,410.61,8.89,591.6,2.46,9.57,67.42,4368.26,1
64.49,94.45,39.58,69.25,32.25,496.61,8.96,648.43,5.07,16.94,112.4,8352.3,1
59.52,70.91,24.8,65.14,27.19,1368.5,9.09,1832.12,5.7,19.67,91.07,3256.18,1
64.74,67.68,25.49,46.18,30.09,676.58,8.59,967.33,14.5,17.34,85.34,5832.08,1
55.39,48.82,32.89,86.57,30.48,918.79,8.95,1272.95,10.62,2.68,177.73,4207.36,1
90.07,55.79,23.23,21.55,39.5,489.85,7.13,672.86,8.2,18.55,107.46,6473.03,1
76.71,92.67,15.8,41.26,29.87,788.55,7.03,1096.96,14.55,17.49,94.25,5734.22,1
80.56,76.65,37.06,84.47,40.47,288.94,6.52,409.08,13.6,15.39,136.56,8429.83,1
85.51,85.12,33.77,42.47,37.33,241.69,8.41,344.54,7.92,17.2,75.1,2262.09,1
72.43,61.8,32.42,37.66,33.83,762.48,9.03,1051.1,13.63,21.59,76.78,3154.81,1
53.91,74.12,37.25,57.4,28.86,678.39,7.0,968.74,6.36,10.62,123.25,7247.61,1
74.17,47.39,35.26,77.67,34.4,364.26,8.22,494.32,3.84,3.34,105.48,4265.9,1
76.41,79.38,21.18,27.22,32.57,1025.12,8.52,1338.25,3.87,11.22,87.2,2743.38,1
83.54,59.93,25.57,86.01,34.85,1391.48,9.0,1984.28,10.1,2.93,48.63,5274.91,1
69.42,60.98,18.78,75.66,30.82,674.78,8.25,916.54,7.77,7.89,123.32,6391.07,1
55.74,75.45,18.9,32.69,25.91,949.47,9.12,1358.91,10.05,13.74,170.66,1836.2,1
62.77,95.54,35.29,69.84,32.34,1355.57,7.43,1705.35,10.45,8.19,176.22,3687.16,1
66.34,34.48,40.76,46.95,40.15,1197.84,7.44,1592.53,0.82,15.71,77.67,7570.67,1
79.07,87.73,43.88,48.16,39.94,756.26,7.97,1088.69,1.28,18.44,135.94,5401.83,1
75.69,50.47,33.85,74.83,38.09,1084.99,7.54,1410.41,8.22,10.41,176.94,1765.34,1
66.02,61.07,20.52,87.39,27.89,353.76,6.5,508.82,3.27,20.0,105.4,3614.63,1
94.39,31.53,18.17,28.87,36.38,814.52,8.48,1173.55,9.67,3.6,189.14,6293.55,1
77.26,51.07,39.39,49.44,39.96,534.87,8.53,762.96,8.51,18.8,184.48,2995.2,1
60.68,65.18,32.36,53.67,31.91,393.4,8.52,536.09,8.99,18.57,73.3,7705.44,1
54.58,33.93,33.55,46.34,25.68,711.54,7.43,981.49,4.89,8.44,81.43,6574.32,1
56.88,64.38,38.44,45.42,32.71,357.22,7.91,508.65,9.78,7.97,68.87,5035.34,1
61.07,94.9,36.1,23.66,35.36,1038.78,7.47,1459.68,12.53,8.1,71.37,8367.18,1
57.23,37.38,40.03,67.99,34.37,747.49,6.54,1028.56,14.97,18.23,185.26,4438.51,1
58.4,83.51,16.69,50.54,26.33,837.37,8.02,1211.22,12.66,18.63,188.98,3263.05,1
62.83,58.68,37.43,33.64,30.36,375.65,6.83,521.08,8.58,8.59,48.3,6460.52,1
57.8,75.86,40.53,77.12,32.19,367.73,6.72,531.4,3.3,13.85,134.98,5799.71,1
90.35,48.22,23.58,76.18,36.67,900.1,8.54,1135.45,10.38,4.78,130.28,4014.36,1
53.61,41.16,34.21,54.05,31.2,1382.01,6.53,1765.92,14.1,11.38,102.49,4077.48,1
73.6,41.23,24.42,40.89,34.38,315.5,9.09,422.86,3.57,21.98,141.07,4486.58,1
68.47,34.93,43.74,64.67,37.14,542.88,7.89,720.39,4.21,5.18,191.58,3683.54,1
94.21,43.0,16.0,40.17,34.96,1243.35,9.15,1748.83,2.66,20.95,67.24,6826.81,1
55.04,76.5,32.39,36.52,30.13,286.73,6.66,367.62,11.18,18.49,59.27,6385.19,1
67.9,91.72,20.0,71.14,27.0,1251.06,8.08,1808.06,6.4,21.44,45.34,4805.83,1
93.63,86.99,36.37,22.82,36.62,829.14,7.44,1088.68,1.41,5.59,98.21,4483.91,1
88.95,77.96,20.28,26.63,35.2,689.92,8.78,921.58,13.19,6.27,94.02,4237.88,1
86.77,37.73,22.06,20.48,34.76,571.62,7.48,745.93,8.59,2.34,108.93,3626.01,1
61.61,50.24,29.83,30.71,29.61,556.54,7.2,760.16,5.3,16.49,120.53,2142.72,1
57.69,51.69,42.45,24.83,31.04,566.96,8.82,715.35,5.49,14.88,161.25,3511.54,1
80.09,47.5,21.35,89.71,33.75,1261.76,7.51,1614.98,4.71,5.56,102.74,3909.01,1
91.82,66.05,19.33,40.22,34.19,1068.55,6.55,1495.08,7.1,17.82,92.9,5607.63,1
75.05,67.49,37.77,30.45,38.1,1003.67,7.55,1292.02,5.39,7.98,172.3,7303.41,1
75.72,54.98,30.02,36.87,38.17,1158.5,8.27,1502.69,8.45,4.7,175.97,4467.77,1
62.6,54.77,42.35,85.53,31.19,508.54,7.19,716.32,11.72,10.45,77.24,8585.68,1
84.63,88.0,19.4,56.41,31.55,941.65,7.67,1194.64,10.28,3.82,90.35,7705.12,1
58.42,85.25,34.38,45.54,31.22,752.08,6.65,1005.9,4.77,7.26,172.02,8886.01,1
64.57,51.55,21.99,81.14,31.75,1138.93,8.09,1428.92,8.17,9.43,52.71,8071.52,1
69.14,93.97,19.7,47.65,25.91,571.11,8.54,753.5,12.68,19.04,92.14,6125.44,1
72.84,96.7,35.5,43.45,39.51,971.81,7.62,1350.62,1.49,17.85,111.74,5988.59,1
60.91,52.87,32.81,34.51,31.98,1258.65,7.63,1596.0,1.64,10.86,69.93,2471.45,1
55.17,54.81,37.64,46.45,31.78,682.58,6.74,974.5,8.56,16.49,68.79,6917.99,1
77.48,65.39,24.28,42.17,32.47,279.95,7.05,400.86,9.77,13.37,107.98,6001.55,1
62.99,95.88,28.44,67.41,29.83,819.26,6.92,1041.28,3.57,8.82,160.72,5301.99,1
76.16,91.34,27.16,40.27,35.64,615.17,7.8,890.85,11.31,16.52,174.44,6699.65,1
56.95,37.18,44.52,60.4,32.68,1006.67,7.93,1318.24,9.87,15.67,196.68,4830.36,1
71.65,57.49,23.77,24.61,31.92,1341.24,9.06,1699.11,13.89,14.38,51.84,5428.95,1
73.97,68.74,23.84,33.39,31.07,782.73,6.7,979.21,2.95,14.36,74.67,4487.64,1
52.33,65.22,25.64,48.52,25.53,759.43,8.12,1011.33,11.39,15.66,161.06,6880.28,1
65.15,43.57,31.94,85.59,37.64,985.5,7.92,1356.01,1.71,9.69,126.5,8074.58,1
56.05,90.12,22.57,46.41,27.75,324.2,7.89,426.78,8.7,19.38,92.43,7806.34,1
52.85,77.39,42.46,66.49,34.3,504.21,8.86,714.64,8.5,5.25,72.89,7395.19,1
94.55,88.65,22.97,37.86,38.95,1302.78,7.05,1815.18,6.13,19.68,84.88,1603.41,1
64.51,90.11,41.87,28.89,32.94,1003.93,6.61,1325.22,12.75,8.85,108.69,8339.1,1
86.44,82.38,18.1,24.1,36.45,216.13,8.32,301.91,0.56,4.5,68.34,3561.57,1
61.46,60.74,34.7,41.38,27.49,445.55,7.43,640.75,8.04,14.0,194.28,8159.8,1
80.67,72.74,42.21,31.04,38.4,1019.4,6.55,1293.24,3.65,9.52,57.21,2977.26,1
84.21,41.23,20.06,32.18,32.16,1117.28,7.18,1465.0,11.28,18.31,197.69,4797.34,1
76.8,77.16,44.05,73.25,40.78,1207.83,7.34,1621.71,1.12,10.62,174.7,7120.49,1
71.22,42.55,28.59,21.11,33.25,550.61,8.17,743.11,12.56,15.37,107.7,6302.09,1
68.53,78.58,43.37,59.05,36.98,1317.23,6.97,1789.38,12.65,8.17,158.37,4619.41,1
65.7,46.07,35.3,46.56,33.76,863.54,7.62,1131.34,12.58,6.19,147.44,6589.68,1
91.83,38.23,24.05,55.46,34.42,1035.85,7.8,1433.04,2.71,9.76,74.13,5617.12,1
87.38,41.57,20.65,59.4,31.08,916.09,7.74,1263.3,9.64,14.14,94.25,3568.02,1
93.43,30.14,24.11,41.94,38.25,347.29,9.13,474.24,0.71,15.14,122.1,6347.47,1
55.59,80.31,17.79,40.66,26.51,1355.74,6.62,1725.52,12.8,13.56,142.06,3031.85,1
82.89,81.27,19.32,71.34,35.65,347.45,9.07,467.46,10.98,21.76,126.86,6704.91,1
92.23,66.05,18.14,80.99,32.83,505.86,8.07,668.36,8.2,15.82,115.68,1523.33,1
58.16,41.3,27.69,33.48,30.62,1176.35,8.65,1585.97,11.09,20.63,110.9,5615.79,1
52.99,35.85,38.87,26.83,31.28,942.32,7.66,1351.63,1.87,4.36,119.72,4508.01,1
83.35,31.34,19.24,82.85,34.95,1205.78,7.73,1623.11,8.17,3.23,109.5,3773.28,1
75.85,41.6,18.91,44.49,32.63,818.88,8.87,1025.89,4.72,8.22,126.61,5367.81,1
87.88,92.36,34.3,58.59,39.4,652.39,8.92,872.75,14.6,4.73,182.08,6339.84,1
56.29,46.91,20.92,45.17,25.71,1306.21,7.14,1847.16,12.93,12.52,141.25,8739.84,1
85.79,54.8,17.93,28.81,34.64,243.5,7.04,342.37,11.13,12.38,155.62,7747.98,1
59.07,37.37,20.01,61.25,28.06,1227.36,7.84,1660.22,14.04,13.5,135.6,6878.62,1
57.36,45.57,42.71,56.76,32.92,476.98,8.93,620.05,5.53,16.9,142.88,5092.25,1
57.39,66.35,39.64,34.21,30.57,1218.48,7.37,1636.45,13.56,21.43,132.54,4441.08,1
86.66,72.54,25.62,51.63,35.05,367.04,8.26,500.17,5.22,19.57,44.3,1743.97,1
79.93,47.17,34.67,75.79,40.15,896.26,8.41,1299.56,11.13,4.37,199.94,4193.23,1
73.54,34.04,31.12,61.33,36.57,1265.73,8.6,1745.23,11.18,8.77,45.38,7862.83,1
66.15,57.37,35.31,26.78,31.67,768.25,8.02,1066.98,0.77,7.12,103.22,4380.18,1
89.47,46.39,35.48,58.36,37.45,1095.88,7.59,1477.56,5.74,5.54,56.82,4961.89,1
67.66,45.37,33.86,69.19,36.32,1165.61,9.11,1539.65,0.78,12.89,55.51,3538.76,1
86.75,97.19,22.98,75.49,32.46,1083.79,8.15,1530.96,14.96,13.07,166.96,3556.0,1
69.76,73.14,16.17,64.04,29.12,1310.4,8.47,1767.71,2.27,6.54,108.15,1964.04,1
66.96,68.98,28.67,30.69,30.54,736.2,7.43,1066.71,8.37,16.24,168.18,6103.53,1
70.82,59.1,41.73,69.71,40.54,407.75,8.31,546.97,11.96,16.66,83.65,4860.52,1
63.56,60.03,32.08,67.41,30.58,257.37,7.2,325.22,3.42,2.42,81.03,6044.71,1
83.64,67.86,39.97,21.71,42.0,495.75,7.16,687.37,7.53,9.92,80.2,5601.65,1
72.62,78.75,44.75,48.82,39.19,371.84,8.43,468.26,9.31,19.8,138.58,7491.33,1
60.45,79.15,19.91,43.31,27.58,869.54,7.91,1130.49,2.82,12.41,170.4,7132.59,1
90.48,42.02,35.75,66.86,36.19,421.93,8.34,557.27,11.79,8.95,112.36,7285.9,1
67.28,65.01,35.23,35.13,29.74,246.72,7.23,344.89,4.84,7.07,100.68,5244.29,1
74.46,58.84,44.4,61.36,38.71,243.19,8.12,328.02,3.56,6.87,195.77,4154.11,1
90.79,90.94,44.57,83.92,42.0,1197.88,7.7,1504.22,8.6,4.0,58.68,8500.77,1
78.09,74.2,35.6,75.85,34.73,909.74,8.11,1249.41,6.45,18.34,117.86,1907.02,1
55.26,67.28,22.31,84.5,24.45,629.7,7.29,838.94,13.84,3.73,105.36,2644.66,1
92.29,38.08,38.96,88.5,42.0,1273.07,8.43,1826.05,13.26,7.85,55.7,4646.99,1
78.25,72.39,18.21,20.75,32.06,284.24,8.68,383.69,7.51,2.91,82.91,6104.68,1
65.07,38.2,38.42,63.59,34.44,1376.39,7.2,1915.65,5.71,17.63,44.55,1561.5,1
56.27,53.6,42.31,48.9,35.43,939.55,7.31,1215.57,5.22,2.79,180.31,6894.92,1
85.73,40.0,26.49,80.19,33.35,420.16,8.29,589.14,4.38,8.17,137.26,5690.45,1
77.9,78.45,33.92,37.63,35.64,1014.88,8.38,1414.94,8.4,13.47,170.4,5135.27,1
74.01,44.44,27.9,88.67,36.56,1116.06,8.4,1596.87,12.17,10.19,123.45,4676.21,1
90.23,57.43,28.13,62.96,37.54,715.21,8.34,898.85,5.01,7.65,135.92,5396.15,1
85.49,92.7,24.31,75.55,35.13,1233.96,7.56,1652.89,3.26,7.5,152.14,2713.39,1
56.83,44.3,37.86,25.99,37.07,380.88,7.57,527.83,7.39,17.96,185.28,2315.34,1
64.03,65.55,43.09,32.84,33.29,534.61,7.19,678.43,1.5,21.48,54.68,3672.28,1
61.18,59.35,43.22,73.09,37.02,312.19,6.92,415.88,10.67,8.96,92.95,6821.29,1
83.48,31.27,20.24,21.54,36.28,453.05,8.37,651.69,8.02,2.78,153.44,5912.16,1
51.51,85.49,41.24,77.18,31.66,486.47,6.75,650.51,7.7,2.73,193.34,5100.92,1
75.65,34.83,37.12,20.98,38.62,1301.16,9.03,1882.88,4.86,17.18,196.93,5786.41,1
84.31,63.2,22.59,66.0,32.02,293.73,8.73,370.5,13.62,13.05,142.1,5694.44,1
89.45,69.25,17.02,45.56,31.95,712.9,8.82,993.47,1.81,17.67,70.98,3802.81,1
65.39,73.99,23.04,62.8,30.18,838.88,8.95,1146.08,13.11,15.95,59.07,2230.92,1
86.96,78.2,42.37,68.72,42.0,1278.43,7.6,1726.02,5.96,20.15,191.37,8225.87,1
54.98,47.73,34.0,43.97,32.88,1397.24,8.79,2017.84,13.27,19.72,109.43,5999.33,1
88.09,30.7,36.63,27.56,42.0,1104.07,6.93,1408.71,11.07,17.77,71.17,6733.11,1
55.74,80.64,22.71,24.88,26.75,1364.95,6.56,1950.79,2.01,11.5,189.42,4979.98,1
67.88,67.5,36.58,61.23,37.16,1144.52,8.62,1588.88,12.56,8.16,56.72,7173.6,1
85.88,88.53,15.84,56.45,31.33,1355.84,6.7,1765.04,10.39,12.14,156.73,5883.73,1
56.75,87.5,26.26,71.95,30.18,1048.72,9.17,1500.03,0.97,12.04,140.04,1903.51,1
60.32,89.03,33.8,55.68,32.32,295.72,8.32,395.04,2.44,14.21,54.04,8175.73,1
82.5,63.96,19.38,49.57,33.3,682.3,8.53,963.99,9.72,5.72,94.2,3791.52,1
82.4,53.35,39.69,47.87,40.34,975.92,7.16,1295.79,10.11,15.11,63.99,2534.18,1
78.85,85.41,22.05,21.85,29.22,620.86,8.32,881.74,11.33,11.13,136.72,2160.31,1
81.23,61.59,34.57,43.49,35.16,528.06,6.62,727.31,10.94,14.4,116.34,6903.3,1
74.42,42.84,27.16,88.32,33.32,892.88,8.76,1141.29,10.06,6.79,40.68,6779.76,1
61.33,89.85,32.88,81.15,28.47,1320.2,6.96,1821.79,11.61,10.69,196.11,6751.22,1
65.56,91.78,18.22,43.06,29.43,241.98,8.38,311.73,8.84,6.2,95.93,8368.15,1
58.17,62.64,15.51,61.15,26.71,1123.08,7.11,1496.37,4.28,19.51,81.31,4117.07,1
90.88,35.3,42.29,79.31,42.0,1067.27,6.68,1370.44,13.73,11.76,75.59,5708.5,1
76.25,57.15,23.09,50.89,29.9,1356.74,7.8,1701.9,0.76,6.5,65.41,6146.22,1
68.04,86.25,39.59,21.26,38.63,1316.85,6.96,1701.87,5.82,2.82,199.86,8846.11,1
70.79,93.12,44.98,25.22,42.0,1114.68,8.47,1512.93,11.07,15.51,87.22,3842.6,1
92.63,44.24,21.34,55.73,35.92,824.49,7.14,1110.02,6.69,6.29,104.88,8672.48,1
56.9,34.69,22.96,87.86,28.28,445.12,7.42,601.05,0.86,21.79,179.42,2615.51,1
76.38,91.41,34.89,68.52,36.71,854.28,8.03,1110.17,1.46,12.67,142.7,7230.01,1
72.76,57.26,43.96,24.96,39.64,1118.42,7.27,1551.29,9.91,7.78,98.99,6246.64,1
77.52,67.92,42.47,33.26,39.01,1274.8,7.52,1773.06,14.49,15.15,183.73,7626.72,1
50.81,97.76,30.09,73.99,28.16,1147.65,8.7,1516.73,8.5,7.5,159.96,1715.14,1
89.25,34.66,38.85,78.9,42.0,434.32,6.98,619.44,7.85,18.41,76.46,2085.98,1
91.95,75.38,19.07,63.24,39.35,919.62,6.72,1267.98,5.12,8.16,143.0,2022.72,1
75.43,35.19,44.32,65.11,36.57,598.61,7.39,833.63,4.22,21.76,187.58,5947.2,1
81.35,56.28,43.93,21.98,40.51,211.05,7.65,275.51,0.8,14.1,119.43,6022.02,1
91.51,86.27,19.91,78.0,32.49,440.27,7.97,550.39,4.46,18.89,157.38,8295.79,1
81.83,60.34,23.98,75.18,37.03,335.86,7.51,477.96,7.01,3.46,195.38,5007.03,1
56.86,99.8,18.0,38.13,24.34,1211.26,8.63,1713.31,3.37,8.97,150.47,2010.37,1
75.93,69.13,23.15,69.61,29.2,510.21,6.61,650.33,1.77,16.75,56.39,3071.47,1
77.3,52.48,39.48,35.04,39.42,541.64,7.67,717.57,10.91,15.1,79.13,1560.55,1
69.09,45.41,26.35,22.82,34.98,1351.92,7.53,1868.72,13.47,5.88,135.22,7325.36,1
83.14,54.54,17.65,34.08,33.29,654.9,8.25,904.04,14.08,9.12,84.09,7617.0,1
92.05,56.08,25.27,32.5,37.26,211.5,9.11,300.77,9.46,7.27,193.21,8984.55,1
91.65,34.81,44.44,43.64,42.0,540.62,7.88,690.94,1.27,14.27,104.86,4591.46,1
70.29,55.87,33.89,49.29,37.26,343.16,9.16,458.46,11.24,8.89,113.16,1644.74,1
55.1,62.5,27.48,55.6,26.65,323.37,7.32,410.5,2.1,8.18,152.26,3260.47,1
94.32,80.59,20.0,53.37,35.35,292.98,6.58,389.06,10.21,6.15,123.88,5908.27,1
87.75,75.97,44.59,38.95,41.64,911.91,6.95,1142.64,11.8,10.18,101.14,8714.57,1
55.61,79.61,39.63,22.04,30.44,427.22,7.57,610.77,11.03,5.91,52.26,2276.84,1
91.44,30.59,23.44,62.36,35.41,633.49,7.35,858.64,14.3,21.25,135.43,2411.8,1
89.15,45.24,17.1,47.7,35.49,1234.42,6.76,1752.83,11.2,5.09,178.81,6763.19,1
73.35,76.32,16.7,40.91,30.31,709.21,7.67,895.0,10.55,20.27,149.72,6504.05,1
76.61,63.88,18.61,80.69,31.95,1298.83,7.41,1682.62,4.3,10.57,101.04,3378.8,1
67.96,30.37,32.42,72.27,33.63,797.53,6.83,1038.28,13.91,9.56,60.44,7598.59,1
52.46,86.31,42.86,80.04,34.16,678.6,7.3,900.74,3.1,6.63,170.61,2465.84,1
65.08,84.1,29.9,54.65,30.14,1100.47,8.89,1552.29,13.62,14.72,190.68,8443.06,1
86.13,68.39,40.29,29.17,40.01,287.81,7.32,382.01,5.03,15.71,102.12,3007.74,1
50.21,34.65,28.38,68.74,27.87,307.37,8.43,396.8,2.39,11.35,156.58,2110.14,1
65.01,83.66,36.26,34.43,34.5,982.37,8.15,1240.73,12.49,3.11,105.72,4046.42,1
67.92,70.86,36.96,50.89,35.55,784.33,7.65,992.88,0.54,20.37,120.36,2908.81,1
74.18,84.74,20.22,24.55,30.35,1148.5,7.15,1610.21,12.57,21.61,173.84,5452.06,1
91.39,82.62,25.84,77.77,36.14,1299.53,7.5,1740.01,4.3,10.62,53.35,6651.35,1
65.59,86.21,34.12,28.82,39.65,666.04,8.1,929.28,13.33,14.27,124.85,5181.91,1
65.61,66.26,17.12,83.22,29.21,915.69,7.45,1269.57,10.53,11.01,74.34,6454.55,1
83.19,39.82,25.85,80.5,35.67,800.84,7.08,1022.73,10.16,8.44,94.37,4236.9,1
70.35,76.98,31.04,52.52,32.99,1377.93,6.81,1761.79,5.8,3.55,143.11,1709.42,1
60.11,73.43,44.89,72.11,34.83,1197.3,8.88,1677.5,1.36,11.12,44.36,8805.48,1
70.36,81.96,29.24,63.36,32.56,1294.09,7.69,1804.28,12.54,18.37,135.01,7645.6,1
56.34,41.89,39.48,76.22,33.49,505.21,8.19,669.71,2.98,2.34,85.35,2050.64,1
57.94,43.65,27.96,50.23,25.51,1127.03,7.82,1426.24,5.9,13.64,147.12,4868.82,1
72.43,92.33,38.89,75.01,33.58,518.57,8.86,649.46,9.21,19.62,62.65,6262.64,1
68.85,82.5,32.86,52.37,32.44,450.49,7.98,589.08,7.49,6.35,157.73,2929.46,1
91.17,93.58,41.6,85.87,42.0,1333.12,7.8,1668.86,3.38,5.67,143.3,5834.91,1
66.31,83.11,27.33,54.05,30.66,223.17,9.0,289.23,2.54,17.45,195.4,5502.36,1
76.13,71.8,33.13,52.38,38.58,1358.47,8.44,1812.06,2.29,7.1,185.8,3061.99,1
78.45,75.79,33.9,74.96,33.51,379.11,6.8,483.1,13.01,5.84,85.33,2559.08,1
50.59,92.24,27.52,77.51,25.78,1183.33,6.98,1503.84,0.96,9.56,44.37,7192.22,1
79.86,70.52,19.33,58.81,34.77,531.11,8.63,759.1,14.67,9.85,144.86,3919.4,1
58.01,74.27,17.81,32.59,26.0,620.84,8.76,848.75,3.38,19.48,136.46,3330.3,1
93.25,40.95,15.5,52.74,35.51,460.11,7.97,661.13,2.1,14.37,44.39,7034.09,1
56.69,63.17,41.21,87.77,37.7,902.62,8.0,1190.7,8.87,10.12,59.63,7020.52,1
68.66,80.15,22.09,72.71,28.51,617.71,8.21,855.8,1.66,12.69,133.55,3573.01,1
53.84,48.97,21.35,76.78,25.73,988.87,7.69,1276.57,9.24,21.08,185.89,8044.26,1
94.86,44.16,37.08,22.3,41.15,218.78,8.34,300.53,12.83,4.26,185.04,6661.88,1
72.6,51.97,24.6,52.75,27.85,277.25,6.79,353.75,1.19,6.15,64.24,4093.23,1
76.79,46.91,30.18,65.26,34.14,319.59,9.1,399.62,12.1,21.25,101.53,4706.17,1
53.02,45.04,19.88,78.1,26.97,702.79,8.53,1009.43,6.22,21.15,46.91,6950.32,1
83.75,59.74,43.79,23.45,42.0,1177.76,8.2,1602.9,2.81,5.54,115.08,3086.88,1
59.45,93.55,40.55,79.67,35.29,1265.81,7.35,1816.93,3.05,4.9,160.49,5015.71,1
90.41,65.49,40.91,58.39,41.17,493.77,6.93,650.18,13.82,10.42,166.4,6401.69,1
59.23,43.15,27.2,33.81,28.02,889.24,7.61,1169.85,2.1,2.99,119.84,5546.24,1
58.58,35.39,37.87,42.21,35.44,1122.04,8.29,1492.46,13.07,15.1,55.34,6062.46,1
51.64,78.73,19.32,39.74,23.68,546.6,8.21,760.43,8.39,3.55,101.02,5596.59,1
71.24,56.8,15.26,57.16,28.74,690.81,7.53,941.68,1.07,3.16,189.14,2994.21,1
75.42,87.53,15.6,23.62,29.64,828.77,8.16,1189.34,7.23,11.7,76.74,4576.54,1
52.96,76.17,32.6,31.1,32.57,361.85,8.7,454.15,12.35,21.16,91.16,5489.89,1
84.9,85.74,28.66,76.89,38.2,231.18,6.57,321.72,11.03,10.54,159.49,7350.47,1
70.4,49.04,30.54,29.28,30.7,383.37,7.72,504.54,7.59,9.13,157.37,6404.28,1
73.6,78.47,15.22,36.34,26.35,952.22,8.55,1224.61,12.97,21.96,185.95,4699.43,1
69.83,48.48,27.68,51.74,33.3,288.34,7.97,389.86,2.25,12.64,102.1,8808.0,1
68.03,95.73,36.54,56.2,34.67,427.64,8.26,577.74,13.69,9.5,122.34,2308.47,1
75.18,74.55,28.28,73.45,32.78,605.42,7.9,773.37,12.77,9.72,114.78,3051.04,1
56.99,52.72,36.97,51.31,34.22,293.44,9.18,378.65,10.77,5.9,188.44,4059.84,1
58.19,48.87,21.99,75.29,27.62,430.04,6.65,572.65,12.36,12.24,163.09,3214.29,1
88.78,43.36,39.39,63.28,41.09,1293.52,7.83,1722.67,8.39,10.78,173.03,6190.81,1
92.58,78.62,32.65,27.92,41.13,223.16,6.75,293.12,10.29,7.42,61.3,1796.63,1
66.8,45.31,21.32,30.94,28.41,984.12,6.93,1259.39,8.63,5.21,166.7,2830.78,1
62.18,71.67,22.1,50.59,31.42,661.29,7.53,827.19,5.65,8.22,109.28,3700.1,1
78.98,48.52,33.84,47.78,35.01,1007.18,6.92,1454.41,8.75,12.17,43.73,6625.09,1
68.39,76.34,39.9,72.05,37.38,906.43,9.1,1304.08,4.23,3.17,49.61,8068.99,1
51.14,87.05,27.47,60.65,30.27,468.2,9.06,630.54,6.88,5.07,148.47,7488.69,1
57.03,84.46,22.75,47.17,24.46,1216.65,7.41,1762.94,4.57,20.95,99.52,2865.61,1
82.22,83.26,41.01,31.95,39.22,790.33,8.23,1094.39,2.28,12.86,178.9,5740.54,1
79.65,43.14,35.08,35.88,39.47,1187.04,7.94,1500.15,5.17,3.27,157.48,1725.17,1
51.22,36.19,28.44,60.29,30.07,687.22,8.7,875.2,12.85,15.86,43.47,3829.03,1
59.99,78.93,29.64,49.64,30.03,1381.62,8.19,1980.17,6.03,3.24,149.9,7544.88,1
60.4,55.78,21.13,56.04,26.02,1124.59,6.5,1547.44,11.35,16.78,70.78,4924.99,1
80.24,60.26,33.8,31.95,38.8,1359.14,8.56,1928.13,3.04,17.0,107.61,2624.56,1
50.89,32.18,25.76,66.4,29.11,817.19,8.52,1168.3,6.65,15.02,139.96,4789.15,1
54.68,48.17,44.87,79.68,32.05,768.43,7.88,1029.38,2.17,16.64,179.63,2985.25,1
86.0,32.36,29.41,38.06,34.38,1106.54,8.94,1393.92,2.51,3.76,112.98,4448.94,1
58.03,91.54,29.58,54.41,30.31,1256.35,8.95,1617.75,9.45,16.54,169.36,5158.75,1
79.37,47.04,31.98,88.29,37.29,1356.97,7.91,1714.29,9.31,4.73,165.27,4121.69,1
60.72,69.01,42.5,43.33,34.46,589.46,8.14,759.08,3.59,8.79,106.33,8527.27,1
54.47,32.73,39.02,61.65,33.64,1158.45,9.19,1543.17,7.38,20.85,120.16,5718.98,1
60.94,76.68,28.53,26.31,28.8,452.77,7.31,576.67,13.02,12.06,152.08,7821.7,1
82.5,52.61,36.56,62.42,34.19,854.69,7.38,1096.86,3.03,21.35,44.98,7205.46,1
88.51,92.85,32.59,26.27,37.68,415.82,6.99,556.85,0.78,3.78,182.53,6458.75,1
87.36,92.17,29.77,87.15,37.39,616.88,8.92,813.06,9.95,11.55,163.17,5226.67,1
67.87,52.77,20.77,70.1,28.69,1317.63,8.51,1770.28,1.28,3.25,79.91,1516.3,1
80.06,93.07,28.92,75.17,32.82,375.31,6.79,501.35,14.71,14.6,196.99,6101.01,1
59.22,99.73,22.37,69.29,24.01,958.88,9.15,1322.2,9.34,3.57,68.7,4169.68,1
63.19,87.78,42.45,61.28,34.63,911.55,8.47,1310.29,7.32,5.51,186.25,2383.22,1
90.34,89.14,25.06,51.49,38.15,344.89,8.8,438.55,6.73,7.18,91.92,4834.7,1
50.59,47.43,43.57,80.09,35.41,591.17,6.63,750.7,8.81,16.97,162.1,7016.65,1
53.85,70.37,30.99,86.98,31.68,875.58,7.86,1243.81,1.81,5.28,113.02,8712.58,1
59.35,34.71,33.95,54.93,30.09,424.61,8.39,573.77,13.99,18.93,157.83,4305.79,1
51.19,36.64,31.29,85.21,26.44,1160.75,7.97,1628.86,9.57,4.64,64.93,5570.42,1
58.16,99.92,18.88,60.83,27.14,1366.59,8.3,1767.11,3.17,2.7,83.12,7884.33,1
76.24,52.86,26.27,57.69,34.53,457.71,8.71,648.02,8.66,9.9,55.98,4005.0,1
68.96,82.37,17.97,51.81,29.33,424.29,7.51,608.76,2.43,21.59,178.42,2566.93,1
90.17,86.47,33.69,34.65,35.31,745.92,8.79,1027.21,0.75,4.21,87.41,3614.11,1
86.78,90.06,28.41,20.26,34.9,1097.32,6.94,1394.88,9.64,4.03,151.12,8243.42,1
65.38,99.83,38.34,36.91,34.7,537.92,7.23,768.72,9.9,17.02,171.24,2695.45,1
61.67,46.9,21.61,55.68,28.96,223.86,6.62,315.3,8.96,8.24,184.23,3969.16,1
67.09,32.82,19.94,46.6,30.28,849.46,7.48,1189.4,3.16,16.35,57.01,4984.8,1
76.56,58.78,27.19,51.39,33.95,1347.92,7.53,1694.8,9.25,6.0,182.88,7853.35,1
62.06,39.11,42.8,88.65,36.16,669.53,8.67,943.9,1.32,11.2,71.56,8532.85,1
78.09,31.57,36.31,44.52,37.4,704.16,8.26,899.63,9.33,7.31,157.9,4693.58,1
68.42,55.23,27.57,51.65,33.13,1362.68,7.68,1763.96,8.53,11.03,156.62,8489.66,1
74.84,84.86,30.52,29.35,35.02,1033.53,8.26,1411.21,10.0,17.38,41.36,2710.94,1
69.63,69.63,17.53,23.36,28.67,1063.01,6.64,1385.09,13.48,17.24,75.3,2676.39,1
63.25,51.89,44.54,74.28,35.86,875.24,6.99,1209.82,12.83,12.32,118.71,8619.38,1
92.68,75.8,34.99,59.95,40.58,1369.53,8.19,1878.47,14.72,20.57,107.21,5322.6,1
84.36,46.24,23.56,73.25,35.31,1026.64,8.23,1305.51,14.66,7.28,186.97,2894.31,1
56.31,31.01,32.57,30.49,31.01,1274.04,8.59,1759.71,11.7,6.81,97.56,5159.93,1
89.08,83.5,18.28,60.03,34.43,1039.25,7.59,1491.11,14.37,14.28,189.92,7374.08,1
71.93,73.66,43.98,37.75,41.06,1082.14,8.45,1387.54,13.08,14.43,113.51,7701.9,1
90.25,83.36,20.24,35.96,35.18,548.49,8.35,751.11,11.05,2.93,194.3,7979.77,1
85.99,32.73,34.44,20.81,37.25,564.17,9.1,743.79,1.59,14.16,157.98,5771.78,1
69.13,88.6,22.36,29.12,31.88,1139.58,7.08,1529.23,1.21,9.49,172.69,8002.1,1
51.01,73.37,36.53,41.65,27.8,556.05,7.99,726.98,12.65,16.95,56.78,5325.23,1
62.09,69.44,38.3,28.18,31.77,875.32,8.12,1156.15,7.6,18.16,133.78,6052.95,1
74.37,73.72,35.2,89.01,36.59,499.22,9.2,626.92,12.31,13.04,62.83,7190.4,1
78.51,90.51,33.43,41.6,37.36,1180.38,7.04,1707.2,5.04,2.03,87.62,4690.76,1
61.6,71.09,41.77,29.12,32.53,332.6,7.91,457.31,6.27,14.73,139.77,2051.86,1
56.27,70.67,17.36,33.94,24.38,1195.34,7.43,1613.87,10.65,16.98,156.2,4126.25,1
87.57,99.35,24.93,61.14,34.41,923.28,7.92,1224.95,13.77,6.98,46.27,6179.58,1
94.3,82.97,22.45,24.48,35.46,424.29,7.13,576.13,1.77,11.29,124.95,2942.49,1
73.66,60.96,44.64,80.37,40.93,850.44,6.63,1127.7,12.99,21.31,130.45,2612.89,1
57.73,79.52,26.68,87.3,30.18,539.0,8.05,712.55,12.0,7.96,52.61,3698.1,1
62.25,57.25,36.98,37.27,33.47,588.16,7.41,789.78,5.08,6.46,120.11,1740.84,1
50.83,46.02,35.54,51.51,29.05,621.83,6.99,811.62,5.65,6.22,154.21,7075.67,1
91.14,71.78,21.36,21.55,32.56,275.98,7.37,354.92,1.17,13.18,48.52,3440.37,1
55.3,94.97,22.17,64.85,29.42,1383.15,6.63,1882.92,0.73,21.0,161.64,2431.79,1
75.94,95.04,23.44,48.97,33.37,237.84,9.07,337.39,7.42,14.17,132.23,6743.47,1
62.33,53.93,27.33,38.9,28.74,995.0,8.07,1274.16,1.89,8.07,173.32,7821.96,1
74.94,66.94,22.03,34.48,32.88,645.47,8.7,811.07,3.31,14.77,74.89,1649.07,1
79.31,44.81,15.59,65.78,30.14,975.21,7.64,1267.15,12.78,14.5,173.32,3252.0,1
87.34,99.69,41.38,49.14,40.74,627.5,8.94,907.33,8.78,13.94,55.13,8589.24,1
59.29,98.68,43.97,32.58,36.08,1008.5,7.8,1427.79,9.69,5.19,104.61,4389.41,1
50.49,75.47,25.25,68.24,24.98,1075.08,8.05,1471.97,3.22,14.69,71.92,8539.44,1
56.16,86.31,25.16,59.56,27.16,1028.66,7.83,1477.01,12.52,10.6,180.16,3556.59,1
90.5,80.06,15.21,80.11,33.19,336.75,8.48,450.93,13.09,2.37,152.79,3135.51,1
89.33,71.52,35.41,28.22,38.72,988.27,8.03,1429.69,8.09,12.8,44.06,3105.81,1
76.88,33.73,39.76,75.0,39.48,535.99,7.23,701.74,13.73,21.79,41.52,2139.21,1
77.02,61.83,19.4,67.15,34.78,234.56,6.89,304.48,12.75,8.99,86.6,8223.24,1
79.93,77.24,19.79,28.05,30.4,697.8,8.14,961.29,11.1,21.31,62.93,8848.76,1
57.89,77.43,38.7,68.64,29.69,720.25,7.82,954.79,11.14,3.92,140.85,8658.82,1
91.15,56.12,33.49,50.91,35.5,760.61,6.76,1046.05,2.03,16.65,146.21,7890.21,1
68.84,95.92,16.35,86.15,27.63,1045.79,7.57,1371.03,4.43,4.29,190.71,7851.66,1
67.24,41.71,33.68,29.91,32.27,570.61,7.89,783.78,1.47,7.47,192.33,6458.14,1
73.35,65.03,24.27,65.0,32.25,578.34,8.73,754.82,0.63,13.42,145.42,7696.6,1
52.11,78.36,26.06,46.74,27.42,272.66,6.71,343.61,2.8,13.86,40.91,3062.57,1
57.48,78.8,38.09,86.98,29.5,1024.19,7.44,1467.07,13.27,17.5,97.44,4409.34,1
83.21,75.4,39.33,43.1,35.94,881.39,8.72,1257.43,3.98,14.31,122.1,6306.27,1
53.73,49.27,27.01,87.35,28.48,619.31,8.25,894.38,14.57,13.87,119.87,8060.78,1
77.14,40.93,43.41,83.1,39.75,1046.23,7.28,1457.71,9.16,20.25,136.53,6453.52,1
61.04,74.52,27.19,38.93,28.93,844.83,8.78,1171.39,3.94,11.04,193.69,7792.66,1
67.52,71.95,38.16,76.25,31.92,763.09,7.83,1039.18,7.71,6.51,181.63,5054.62,1
62.99,42.55,29.52,89.69,32.02,813.59,7.85,1037.48,3.68,5.24,57.43,6879.78,1
66.01,79.36,41.93,37.69,38.72,963.62,9.14,1240.99,14.77,10.0,82.56,8849.86,1
82.36,61.86,42.23,50.57,40.93,992.0,9.06,1297.43,12.79,16.26,173.3,2651.16,1
63.37,76.74,17.62,56.41,25.32,546.75,7.47,780.78,0.88,2.85,171.89,8451.91,1
75.49,88.62,43.09,40.65,39.04,368.89,6.88,473.88,14.24,4.58,84.06,5417.73,1
71.42,41.88,39.77,21.07,34.04,387.96,7.38,556.56,10.96,4.12,156.89,6324.14,1
79.87,31.34,38.74,35.41,40.64,967.27,6.58,1310.22,1.69,13.71,147.53,8084.02,1
92.16,84.54,21.03,39.74,35.56,1247.45,6.56,1737.84,10.22,6.86,115.76,4572.41,1
82.97,72.68,39.15,51.05,35.91,691.4,7.57,879.49,9.88,5.33,72.23,4640.19,1
59.67,78.97,40.5,31.98,33.49,403.42,9.04,525.99,3.67,13.86,182.18,5453.86,1
51.4,88.67,23.67,81.13,27.06,1107.92,8.85,1597.3,11.5,17.23,148.46,1643.27,1
61.8,86.2,43.57,69.34,35.03,1198.99,7.88,1562.56,1.76,8.64,67.04,5225.0,1
76.78,97.26,16.5,25.96,29.42,1256.7,8.03,1645.4,7.6,13.56,152.77,3683.15,1
52.31,67.52,19.5,65.51,22.45,928.2,6.52,1196.93,0.64,3.96,158.63,8459.66,1
72.34,64.19,31.13,65.76,35.11,1232.87,7.08,1572.92,14.55,20.7,181.9,2158.01,1
76.86,58.13,32.27,86.94,34.21,218.5,6.57,283.32,11.4,8.74,75.65,4944.9,1
65.04,40.76,34.35,20.21,28.97,328.68,8.54,453.08,2.8,21.95,198.2,8606.01,1
84.69,70.08,15.51,37.36,30.86,311.09,6.89,417.2,5.45,21.57,64.54,8257.76,1
54.8,49.39,43.81,84.95,36.0,1055.13,8.85,1435.76,2.83,17.58,136.11,6760.11,1
53.38,94.49,16.34,85.25,23.29,283.5,8.24,361.31,11.62,2.4,145.15,5920.21,1
82.77,70.82,19.29,70.44,35.92,795.64,7.12,1122.19,1.35,12.87,107.03,3605.48,1
72.3,71.5,15.42,73.6,29.33,767.25,6.93,1079.38,12.69,3.74,116.01,4252.18,1
80.98,54.84,32.01,26.4,37.12,572.84,8.19,718.53,14.16,19.9,182.55,2176.01,1
69.57,33.64,42.97,55.97,37.17,1244.49,8.93,1651.06,10.31,17.79,143.24,7395.81,1
61.09,32.22,34.98,36.21,32.38,404.52,8.44,511.21,3.59,21.45,119.52,3929.02,1
86.86,59.63,39.68,32.69,40.08,622.96,7.44,877.38,5.72,14.17,60.54,6508.36,1
85.97,35.92,15.4,76.72,31.28,1129.01,8.09,1577.73,7.42,12.44,41.17,4181.96,1
81.26,72.48,31.26,29.45,37.32,236.51,7.34,338.3,9.27,12.38,59.99,4982.48,1
62.25,91.67,28.79,52.81,28.77,1007.54,9.2,1307.06,10.2,9.73,192.99,5662.52,1
76.56,91.8,29.97,85.7,32.48,1179.68,8.52,1582.25,8.54,11.37,162.25,7513.89,1
66.24,76.13,17.17,33.01,25.32,1318.72,8.16,1697.06,5.59,14.71,194.74,3083.67,1
54.12,44.79,35.53,88.46,35.06,1251.56,7.64,1657.37,13.42,20.66,45.71,4490.74,1
91.28,90.41,30.1,89.6,39.41,583.26,8.17,790.0,1.68,13.92,148.84,2475.61,1
56.16,92.03,37.95,58.89,32.93,903.64,7.42,1139.18,7.26,19.14,47.09,2068.2,1
92.76,43.77,29.56,31.91,36.42,292.75,6.58,407.8,11.75,19.26,165.13,6035.06,1
70.07,81.62,19.48,42.13,30.58,509.44,7.57,692.16,1.38,12.38,100.95,2918.18,1
58.33,50.06,34.45,49.71,31.41,313.07,9.01,443.24,10.73,8.95,55.32,1948.5,1
74.39,86.18,20.17,41.65,31.08,578.22,8.19,754.21,12.39,14.79,130.89,8228.23,1
89.28,99.81,41.17,39.64,39.78,1250.22,6.73,1788.65,10.08,10.92,84.82,5507.36,1
82.95,32.1,33.39,88.06,37.75,616.6,8.89,893.91,0.69,3.63,145.53,2509.71,1
86.3,92.82,19.72,30.74,32.63,874.28,7.23,1253.59,3.11,9.56,145.31,1900.7,1
79.65,73.58,43.87,71.33,38.73,720.06,7.16,1012.1,5.46,21.88,152.8,2398.95,1
81.15,98.14,30.55,20.03,37.45,750.7,7.3,1060.34,3.89,2.97,198.79,5035.03,1
88.21,62.55,17.19,61.73,29.99,1363.49,8.06,1860.82,14.46,15.93,101.87,6513.49,1
61.24,89.32,33.8,84.12,33.27,555.39,7.97,715.35,9.95,18.82,114.45,6309.6,1
72.02,34.37,22.6,40.16,32.28,952.79,7.83,1320.0,4.81,14.97,168.74,2583.17,1
59.95,53.47,39.11,32.99,31.92,704.08,8.44,980.46,13.98,13.39,132.54,6251.17,1
94.45,34.69,39.53,65.62,40.81,273.38,7.35,395.6,11.24,16.15,45.96,4536.49,1
92.48,98.27,44.37,69.88,42.0,787.2,8.61,1069.22,4.63,10.59,174.89,4985.58,1
51.77,87.19,30.06,68.16,29.03,1176.01,6.97,1533.84,5.99,3.83,48.24,7510.73,1
81.75,89.68,28.65,42.35,35.16,318.5,8.61,441.68,3.39,21.25,67.33,3993.75,1
91.64,95.66,37.6,37.65,41.94,283.51,8.29,409.92,14.58,10.65,56.33,2602.49,1
58.13,35.96,18.97,86.91,29.7,384.36,8.34,494.07,8.0,15.31,52.47,8050.9,1
75.56,56.99,31.41,84.63,33.87,1117.28,7.8,1469.45,13.49,12.63,44.11,3090.98,1
91.2,34.97,31.39,52.01,35.35,1068.79,8.3,1451.82,5.52,3.09,48.8,3705.22,1
51.53,44.76,17.68,79.23,25.72,878.02,6.72,1127.42,12.98,21.05,110.79,6799.43,1
81.38,46.06,27.54,51.66,38.35,761.87,8.8,955.73,1.28,17.85,80.46,6626.63,1
63.38,62.84,40.6,49.71,35.84,1265.99,6.65,1667.81,14.74,4.98,60.25,7503.0,1
91.6,48.8,40.68,30.97,39.96,1120.04,6.9,1593.9,13.72,21.63,145.39,2879.0,1
93.7,37.07,17.98,49.85,34.47,1174.33,8.06,1478.12,5.77,16.74,76.18,4142.1,1
92.49,41.72,17.72,57.62,32.09,1175.91,8.5,1570.77,11.73,11.45,43.03,2444.12,1
71.34,40.31,22.88,21.58,32.13,971.26,6.71,1362.13,11.41,14.23,106.95,5557.79,1
88.79,98.12,41.24,51.09,38.93,749.62,8.99,1079.93,13.57,4.13,89.67,3694.28,1
88.0,83.15,18.87,74.69,33.0,1237.61,9.13,1790.94,4.96,13.21,90.98,6667.02,1
64.36,97.74,36.6,67.6,31.89,1311.21,8.14,1749.67,7.25,3.47,111.24,1502.58,1
87.3,60.78,18.03,64.46,33.39,228.57,7.8,329.15,13.04,12.9,147.03,1947.62,1
51.67,49.49,33.69,83.67,28.98,261.87,8.5,329.19,11.79,13.05,138.64,4744.2,1
76.83,85.88,25.68,21.26,33.55,1350.49,7.39,1889.59,6.21,19.49,189.96,8686.38,1
60.35,52.84,38.67,58.99,33.67,532.59,7.83,734.21,12.76,16.5,122.83,8181.39,1
55.43,50.96,22.01,75.11,24.59,1248.04,8.97,1622.34,1.18,6.99,115.61,8955.07,1
53.46,46.28,34.18,57.89,31.58,666.55,9.08,900.82,11.84,19.77,74.15,4626.23,1
81.33,39.08,22.07,42.67,32.96,342.92,9.0,437.54,3.5,13.46,160.86,1849.26,1
65.29,47.95,36.41,29.54,32.09,296.53,7.21,422.36,4.65,14.13,62.52,3794.67,1
82.61,54.87,41.21,82.13,42.0,387.81,7.13,512.52,7.65,5.38,118.58,6568.28,1
52.94,77.18,18.8,52.95,25.77,499.87,7.3,687.43,7.02,19.16,107.41,2513.73,1
64.19,34.38,41.0,81.47,35.09,786.22,7.69,1007.74,8.05,20.62,145.33,3749.79,1
74.28,44.74,32.81,61.01,37.88,1041.8,7.35,1345.2,8.4,17.5,186.82,1921.25,1
85.58,86.63,18.81,67.19,36.66,1383.68,7.51,2004.11,5.31,20.82,191.46,5062.25,1
64.34,40.28,27.83,76.3,30.53,729.81,8.18,1022.18,3.04,8.05,66.85,3066.91,1
78.17,53.99,19.83,66.14,32.18,821.82,8.56,1185.39,11.64,19.22,81.89,2184.36,1
89.87,90.53,36.01,47.86,38.09,826.18,8.49,1081.61,6.3,11.78,169.86,4584.12,1
77.71,40.84,37.77,55.95,37.35,847.32,8.7,1087.04,7.83,5.28,122.92,4134.19,1
60.48,35.79,18.17,76.21,26.08,821.29,6.59,1109.24,9.85,15.38,112.49,5531.38,1
51.1,63.92,30.18,46.16,28.71,210.53,6.63,283.99,13.69,15.68,153.7,7117.79,1
89.15,51.17,39.44,47.17,41.76,202.07,8.63,259.66,10.76,7.74,136.31,2344.27,1
50.96,69.44,43.08,26.7,33.94,317.2,7.94,443.01,1.16,2.55,195.31,7433.44,1
89.36,86.27,30.41,84.02,38.46,321.87,8.06,425.62,12.66,6.0,133.44,1697.17,1
73.8,39.6,43.51,26.37,36.26,1045.88,6.64,1346.33,14.85,10.0,114.56,4823.26,1
92.26,70.65,31.07,65.37,37.06,445.9,7.19,586.98,7.35,5.35,126.85,5905.73,1
85.95,65.39,26.83,48.92,34.78,1273.66,8.22,1735.65,14.56,5.88,169.37,8677.49,1
94.91,40.09,40.45,48.39,42.0,1314.33,8.82,1833.87,8.44,9.83,138.03,5804.42,1
65.78,73.68,29.79,67.57,33.97,1371.07,8.98,1845.98,7.16,21.24,143.53,2690.62,1
84.52,49.15,29.16,24.7,34.01,1326.9,7.85,1798.1,5.31,17.28,195.43,5381.56,1
68.09,64.15,29.71,61.56,31.71,526.27,7.97,672.46,10.03,8.39,138.94,4468.38,1
71.59,35.76,40.4,74.04,38.95,811.73,8.75,1163.16,3.83,21.03,100.85,5095.17,1
78.24,62.17,39.96,77.97,37.95,410.55,7.95,589.44,2.02,14.91,150.61,2978.23,1
89.32,51.45,27.11,31.94,37.74,1167.45,7.9,1618.89,0.89,11.11,145.51,5256.2,1
94.28,87.57,25.0,82.82,37.04,1266.12,8.94,1587.11,4.74,11.37,42.22,2625.3,1
84.57,33.99,29.76,65.93,37.07,1221.55,8.63,1658.15,6.24,10.21,114.77,7080.32,1
68.8,59.3,32.18,81.73,33.01,720.04,8.95,990.66,8.51,6.66,158.86,5954.3,1
68.96,62.09,22.15,53.97,31.33,1110.41,7.09,1608.91,4.74,9.73,119.85,2088.96,1
83.19,80.75,38.82,57.94,36.29,317.1,7.92,459.54,14.77,12.56,164.74,8172.11,1
60.74,70.2,29.59,84.33,29.82,248.29,8.77,352.96,4.73,12.56,112.14,6122.85,1
54.97,76.7,25.02,82.99,28.09,1103.88,6.8,1393.95,6.89,17.23,197.33,3870.8,1
65.96,84.39,18.2,51.37,28.93,710.43,8.65,1023.48,2.0,9.18,86.86,1842.32,1
62.93,90.35,22.17,39.21,31.48,1394.66,6.99,1914.21,4.28,16.34,54.74,6241.7,1
63.33,51.97,43.48,47.52,35.27,316.71,8.68,446.61,1.2,13.56,108.8,4300.8,1
60.51,67.66,24.15,47.14,31.54,1226.75,8.15,1633.35,8.61,21.24,126.67,8307.14,1
51.89,88.81,20.07,40.08,23.68,775.98,7.02,1019.59,11.39,9.71,95.85,1761.58,1
50.8,99.26,28.82,38.8,30.45,1192.58,7.78,1601.22,3.34,20.02,78.76,1793.27,1
94.45,92.27,24.21,80.27,38.72,1180.55,8.34,1510.37,5.83,18.41,147.53,8619.74,1
69.25,56.0,16.05,24.89,26.1,1299.19,8.21,1716.77,0.74,14.75,100.34,8736.55,1
67.29,43.66,24.69,67.43,31.08,557.42,7.65,792.39,12.67,15.09,141.02,1708.07,1
80.58,64.26,31.32,32.1,36.01,1339.76,8.93,1684.87,11.81,3.69,164.65,6870.25,1
59.82,81.91,31.55,44.12,32.25,382.0,7.9,489.03,1.42,21.0,161.76,3161.21,1
92.75,64.48,25.7,24.31,36.73,298.36,7.87,380.42,5.79,4.14,100.05,6760.45,1
85.39,63.82,28.42,38.9,35.68,717.94,6.67,955.3,14.35,13.26,130.86,8015.5,1
54.02,88.68,43.97,73.79,36.63,1193.99,8.99,1730.56,6.18,8.6,111.95,2256.24,1
68.79,55.3,26.32,81.95,31.21,768.11,6.98,986.76,8.13,10.6,179.33,3290.75,1
89.56,90.19,22.75,35.51,37.0,1195.14,7.93,1528.7,5.65,14.2,180.6,1680.58,1
92.51,58.48,22.3,52.45,35.48,1075.62,8.67,1541.38,9.14,20.18,95.0,1828.72,1
71.03,52.98,28.73,52.92,36.15,451.31,7.08,643.76,14.68,11.15,54.68,1722.13,1
77.6,61.78,37.79,81.15,36.27,1338.66,7.92,1681.95,14.96,21.75,66.81,7505.12,1
57.52,83.37,21.18,73.4,25.56,272.94,7.15,382.21,11.73,13.86,98.72,3737.2,1
94.6,38.82,36.28,55.92,42.0,1277.94,8.55,1764.95,6.36,5.21,130.28,5199.09,1
60.43,43.75,15.63,66.95,24.69,565.33,8.02,793.47,7.67,5.8,145.09,7408.83,1
92.42,96.6,27.57,79.31,40.96,800.18,8.81,1079.36,5.67,16.32,93.02,5212.08,1
79.23,42.28,38.28,20.67,39.99,706.82,8.92,1023.67,14.79,3.01,146.8,4718.97,1
77.35,69.74,25.16,48.2,32.83,406.2,8.25,511.31,10.76,11.61,190.04,1586.8,1
73.07,70.55,31.91,83.51,30.81,629.78,8.46,816.74,7.01,4.96,144.32,5760.3,1
60.38,64.27,21.15,71.82,27.46,431.52,7.98,573.63,0.68,10.66,65.37,2435.57,1
57.94,75.13,37.26,58.0,32.73,444.66,7.54,595.83,8.05,17.0,132.75,7234.86,1
59.92,46.09,16.57,57.08,28.11,424.47,8.25,608.8,14.77,11.18,126.7,3433.03,1
58.39,68.69,40.58,44.34,36.98,786.82,8.95,1071.65,8.08,5.27,179.31,6556.41,1
85.08,56.05,20.95,56.44,32.23,1157.52,7.63,1457.34,3.15,7.04,96.05,6346.68,1
65.76,76.32,41.23,65.88,37.47,882.76,7.35,1175.46,0.82,9.35,107.67,6125.07,1
52.6,39.89,25.58,49.29,28.63,1271.85,7.55,1695.75,5.64,3.39,135.79,3502.14,1
93.61,69.96,36.68,69.99,42.0,963.85,7.68,1390.94,13.81,13.69,123.91,3503.17,1
89.77,42.97,24.58,80.29,37.04,1027.21,6.7,1407.11,14.95,14.15,155.04,7972.86,1
91.75,49.51,42.18,30.83,38.81,1001.13,7.85,1378.68,14.21,3.24,46.46,1596.05,1
94.77,45.31,18.8,51.61,34.96,739.35,7.83,1029.66,11.08,10.05,130.16,2861.42,1
57.83,42.8,20.36,48.56,24.27,1027.21,8.09,1442.21,8.59,10.28,59.47,6076.28,1
67.83,87.8,29.79,68.12,31.98,283.65,7.48,390.59,9.06,8.68,90.43,7627.85,1
84.12,50.0,17.46,37.49,34.1,1231.82,8.16,1598.21,8.32,13.15,145.86,4187.59,1
81.32,94.9,20.88,64.82,33.25,1133.37,8.87,1614.84,10.75,8.92,65.19,6400.83,1
56.93,97.89,43.31,81.42,36.69,494.28,9.08,690.22,6.57,10.33,89.41,5678.67,1
86.71,69.99,44.29,49.27,42.0,1121.64,8.08,1568.47,10.2,17.95,152.48,1984.05,1
60.1,40.01,26.29,83.77,26.63,215.17,6.61,311.85,2.26,5.24,144.13,6163.13,1
60.07,56.22,42.7,89.52,29.92,460.7,9.12,649.81,4.35,14.38,54.57,7604.28,1
74.16,85.84,31.34,27.43,34.81,278.16,8.41,393.83,12.62,12.11,132.36,8943.36,1
76.68,55.72,23.09,36.31,31.83,1136.27,7.41,1636.55,13.6,8.1,63.56,1722.3,1
76.1,36.09,36.07,86.53,34.7,1107.05,6.9,1417.27,8.32,16.55,80.36,6450.44,1
54.12,68.97,34.77,87.08,27.3,1176.36,6.89,1587.56,0.96,13.02,113.47,4609.12,1
89.49,89.16,44.67,26.84,41.54,205.38,6.95,280.57,13.94,11.55,57.5,1573.41,1
61.95,85.71,22.95,21.05,28.13,801.48,6.62,1054.63,10.68,15.35,198.98,6107.71,1
55.83,42.26,35.16,31.28,32.6,1045.8,8.94,1482.82,6.5,18.05,66.46,2418.2,1
89.99,77.09,16.56,89.72,33.67,386.48,7.96,542.03,9.18,21.45,165.01,4339.25,1
93.0,45.44,18.41,32.6,37.91,979.75,8.39,1365.94,6.73,14.59,172.77,3460.25,1
88.8,45.27,15.12,55.18,30.42,300.93,8.74,436.18,7.25,19.49,199.11,4208.73,1
86.43,91.19,44.98,79.39,42.0,417.59,8.64,543.65,13.36,2.02,108.58,5195.22,1
79.49,47.48,39.07,21.43,38.64,770.96,8.88,1077.1,2.84,12.6,179.86,4194.07,1
74.79,48.43,38.6,62.31,38.6,984.28,9.11,1338.89,2.0,6.29,193.21,5645.49,1
53.91,30.05,30.29,39.39,28.21,375.04,7.69,492.28,0.54,3.88,67.66,3289.87,1
68.38,90.95,24.0,80.36,32.64,422.27,9.07,541.4,5.05,12.64,116.71,6265.21,1
66.77,85.48,19.54,39.84,29.12,445.34,8.45,636.46,2.64,16.94,49.6,7903.22,1
61.69,73.91,23.54,68.07,27.3,486.44,6.69,665.98,3.69,10.25,139.32,3180.5,1
82.55,82.52,26.28,67.2,34.81,471.86,8.34,667.68,0.66,15.4,133.02,5309.08,1
72.31,40.64,37.69,35.5,35.79,674.18,8.35,916.26,3.79,11.79,72.66,6365.17,1
53.65,62.08,31.19,22.44,30.31,984.55,8.95,1274.0,5.32,10.74,167.66,5734.7,1
59.91,54.59,17.32,48.65,23.68,725.64,7.51,956.04,0.96,7.81,45.96,4242.37,1
80.75,36.56,15.54,40.24,30.57,1131.17,8.08,1500.28,9.31,9.65,169.0,6316.5,1
53.43,64.03,18.07,76.63,25.47,1063.12,6.53,1535.77,8.75,9.0,44.26,1711.85,1
88.3,94.45,27.31,76.03,36.7,351.83,7.4,440.19,1.91,14.92,145.09,4274.3,1
72.28,32.8,43.0,51.99,40.81,258.61,6.67,374.24,9.13,4.32,52.6,5494.59,0
71.63,50.4,34.12,62.46,36.4,1253.53,7.91,1812.72,14.98,3.85,80.2,1654.6,1
76.66,44.53,39.05,62.3,37.82,295.8,8.71,428.68,14.19,15.2,155.51,5307.37,1
87.11,46.67,28.99,77.9,37.36,378.01,7.06,508.54,0.54,12.93,84.86,6406.91,1
65.65,93.59,25.85,49.75,31.05,226.56,7.92,326.87,12.03,10.6,121.79,7194.06,1
80.51,62.76,18.25,39.28,32.32,954.0,7.05,1267.99,5.63,5.05,186.44,2350.31,1
75.46,62.64,41.28,38.55,34.66,898.84,6.83,1128.28,1.42,10.22,47.94,8929.24,1
62.02,83.24,38.49,57.53,33.37,1384.28,7.88,1792.47,4.79,17.79,169.77,6046.26,1
89.54,40.81,20.04,51.44,31.43,1264.32,6.71,1819.43,5.17,19.79,50.44,4223.95,1
85.88,64.11,30.37,50.81,39.66,693.01,8.09,868.17,8.09,16.05,60.29,3368.2,1
79.63,60.1,29.62,26.38,35.15,645.9,6.58,877.91,10.09,3.2,59.09,5796.73,1
88.28,71.78,33.75,70.3,38.5,556.22,6.79,703.69,11.36,15.41,199.06,8112.84,1
89.03,99.97,43.39,34.96,42.0,382.89,7.98,500.54,4.07,6.82,68.83,5404.24,1
81.88,83.86,32.39,33.79,37.65,365.7,8.1,463.57,5.17,8.31,183.48,6461.04,1
87.67,57.85,31.21,48.89,35.58,358.74,6.58,510.1,4.97,5.92,198.55,4182.72,1
81.39,87.93,16.51,35.94,30.98,336.94,8.05,461.0,5.76,17.52,101.41,4411.14,1
80.61,41.95,16.89,60.87,30.39,488.61,8.76,698.92,15.0,14.97,140.97,3646.31,1
77.84,32.13,20.62,46.0,28.19,568.0,8.45,788.2,11.78,14.24,164.65,6792.28,1
83.87,44.31,15.97,51.42,30.18,1353.89,6.85,1955.3,14.64,15.36,102.82,4193.91,1
57.14,53.83,37.3,57.6,31.97,894.17,8.1,1208.89,10.55,6.74,65.89,2930.37,1
89.64,65.74,36.7,34.25,40.02,1385.11,8.32,1908.33,6.39,10.89,109.4,4270.5,1
89.23,73.06,19.08,30.9,31.02,646.96,6.6,883.27,6.15,14.67,163.5,7903.7,1
51.32,93.74,40.08,81.63,34.16,749.15,8.81,1009.0,7.58,14.73,164.92,7036.89,1
87.16,65.69,19.64,50.36,33.46,589.49,8.95,836.61,6.54,17.84,76.89,4009.81,1
55.8,65.09,24.04,48.85,27.44,419.47,8.8,578.4,12.51,7.74,67.99,8301.07,1
65.08,33.52,22.47,22.49,29.94,371.8,8.73,524.33,7.24,17.41,187.29,2061.24,1
83.46,32.44,26.17,54.86,33.45,1334.1,8.51,1877.44,4.79,10.8,47.04,1873.15,1
57.23,68.58,22.64,58.79,28.15,1384.17,8.21,1783.1,11.74,15.4,157.56,2456.03,1
86.81,60.67,29.67,59.12,36.35,253.89,8.33,350.38,12.89,11.11,47.43,2373.41,1
87.45,88.74,27.22,69.49,34.6,380.42,8.68,490.71,6.6,20.97,174.06,2158.76,1
72.84,41.25,44.6,32.42,39.96,708.23,8.29,967.91,10.18,5.59,184.87,6460.07,1
50.29,31.75,16.68,37.66,26.39,423.6,7.38,586.89,1.35,15.5,87.59,6006.32,1
62.92,61.43,19.27,76.75,28.92,636.66,7.52,922.8,8.18,13.53,51.83,6357.04,1
77.76,46.62,16.58,86.3,32.09,354.92,8.92,445.81,1.15,5.45,116.91,6662.75,1
94.15,33.47,33.78,29.52,39.32,747.81,6.55,948.41,0.92,3.32,87.75,7176.6,1
78.43,80.72,16.64,54.84,27.24,526.03,8.39,665.65,9.39,17.98,106.74,3053.83,1
61.69,37.81,40.09,34.99,37.44,622.29,9.08,827.44,4.9,5.15,146.4,6167.28,1
78.53,72.58,30.36,24.21,39.37,313.18,8.41,442.93,11.27,5.73,73.57,5850.36,1
74.3,49.67,30.81,42.79,37.44,713.75,9.18,1012.68,13.49,21.57,97.11,8577.45,1
85.09,42.14,31.85,30.06,36.75,1379.91,8.36,1928.28,2.52,16.35,165.21,3242.76,1
54.81,56.58,20.12,69.7,23.44,594.6,6.59,849.91,11.01,7.01,143.0,1940.42,1
84.25,86.1,20.93,57.36,31.26,1251.72,8.73,1645.47,7.96,13.82,92.2,6401.21,1
74.36,57.45,24.56,30.07,28.82,1211.84,7.27,1536.16,2.13,12.68,146.29,7051.3,1
93.33,82.55,32.8,20.65,39.6,1342.47,7.7,1693.7,9.95,18.89,162.45,3623.97,1
65.38,38.78,21.3,76.57,32.01,1148.13,7.34,1630.84,9.34,16.59,134.8,5781.36,1
78.47,84.09,18.49,32.33,30.81,991.52,7.23,1384.24,7.98,18.63,78.32,1946.52,1
91.94,46.59,44.1,62.44,42.0,1227.9,7.66,1706.44,13.93,6.23,40.04,8700.34,1
54.61,77.42,15.66,43.58,26.89,290.77,7.52,383.22,8.06,14.8,168.46,2324.44,1
92.18,69.6,39.08,60.98,40.91,755.4,8.21,1001.64,14.86,2.8,171.62,2006.78,1
80.95,95.04,38.64,42.1,42.0,1387.11,8.7,1999.69,7.88,3.38,151.62,1830.83,1
53.05,57.11,23.92,26.09,30.62,1123.52,7.3,1418.74,2.18,16.27,52.25,4704.54,1
63.54,34.63,19.07,35.61,27.3,1354.49,7.08,1902.72,7.32,2.49,133.64,2228.7,1
81.87,31.34,19.37,33.16,31.09,1135.56,8.3,1489.77,3.14,13.6,171.36,7084.86,1
53.03,87.88,35.92,49.96,32.23,1249.86,8.31,1572.09,9.16,18.81,102.35,8241.56,1
76.2,66.73,34.28,66.08,35.35,1047.84,8.93,1465.41,10.55,9.6,71.68,3451.64,1
65.56,84.27,38.48,38.47,32.55,1112.6,6.54,1464.39,7.29,2.9,134.02,6215.8,1
77.94,46.41,43.12,20.84,42.0,827.81,8.8,1154.33,1.92,16.28,172.21,1817.54,1
52.06,54.16,35.76,56.33,32.96,1309.09,7.91,1821.63,7.3,20.59,47.82,4399.23,1
89.22,32.11,19.68,62.4,34.5,1190.05,8.18,1614.84,1.68,16.34,135.51,3697.07,1
93.81,97.3,22.3,87.4,33.73,1212.66,6.75,1704.37,10.39,13.57,142.91,3214.64,1
93.6,76.75,40.27,61.26,40.03,1007.61,7.67,1376.61,11.96,6.6,136.38,6335.43,1
83.73,95.32,21.28,52.98,33.6,565.5,7.11,739.29,14.45,2.31,144.01,2476.71,1
55.85,48.58,17.18,60.14,23.98,242.76,7.19,339.09,2.66,15.89,141.02,7955.33,1
84.12,72.8,36.1,84.95,37.98,1322.79,7.86,1809.34,8.22,6.62,60.86,6486.27,1
51.11,77.49,27.08,77.99,29.3,903.34,8.69,1131.48,8.73,19.16,77.59,6830.51,1
51.0,52.23,42.6,42.61,34.13,557.77,8.51,797.8,13.88,11.33,139.04,8515.08,1
64.56,89.37,34.51,36.61,35.97,378.96,8.1,515.06,9.6,12.61,42.83,8567.8,1
71.99,96.3,17.71,38.38,27.22,1195.43,7.96,1701.96,2.61,17.08,141.56,5637.39,1
84.67,91.94,43.44,55.31,40.68,1203.82,7.65,1717.31,6.83,17.59,146.46,5215.35,1
80.75,81.73,22.76,72.08,34.67,1177.41,9.13,1576.54,9.99,14.85,78.27,4015.36,1
70.07,49.42,25.12,55.23,32.2,974.1,8.01,1316.53,10.65,20.77,135.7,6866.79,1
62.31,49.71,27.07,24.75,33.12,639.22,7.19,852.17,13.01,21.65,125.45,5536.57,1
94.87,97.44,16.54,70.65,35.35,564.88,7.12,756.88,3.12,20.94,81.71,8496.56,1
69.18,30.72,29.9,76.42,36.45,210.27,8.15,300.48,14.3,18.48,114.08,3289.69,1
70.31,80.12,18.7,40.26,30.2,1200.33,7.91,1689.62,1.36,16.11,185.54,3826.9,1
57.36,79.44,27.03,66.49,30.93,304.92,6.52,388.87,14.76,15.27,108.26,3870.68,1
85.77,73.59,25.52,49.86,34.73,956.91,8.74,1312.93,12.94,4.08,140.78,7544.99,1
81.22,99.31,38.19,82.24,38.7,804.89,8.4,1166.43,10.07,7.43,45.66,2242.8,1
59.93,51.83,39.1,79.17,35.49,832.03,8.29,1139.14,11.16,2.11,52.45,4917.37,1
53.71,53.8,19.6,56.78,28.51,1312.06,6.69,1846.29,1.55,4.75,53.01,4706.86,1
80.62,35.53,26.0,68.41,35.71,237.94,7.48,334.02,1.1,10.78,164.52,2048.55,1
79.45,61.0,26.2,81.83,33.87,1128.07,9.03,1489.12,1.98,4.93,96.04,4580.98,1
62.3,48.27,19.54,54.7,30.17,262.46,8.83,347.6,1.77,20.03,76.42,5350.33,1
92.79,54.04,38.95,41.93,37.45,245.78,7.27,342.82,8.44,18.11,159.57,1988.29,1
56.8,88.42,36.22,72.76,29.03,715.78,6.92,966.3,3.62,3.43,67.19,5323.97,1
69.46,95.48,20.71,35.4,30.98,275.69,7.71,376.07,12.97,6.98,79.44,8694.28,1
92.46,43.0,26.0,47.2,37.24,1146.97,7.46,1597.25,6.96,18.38,108.95,8841.86,1
68.89,56.08,18.17,80.6,29.79,835.48,8.34,1174.27,10.58,18.06,93.03,5487.6,1
78.73,95.0,33.85,70.71,36.66,234.85,9.11,306.31,9.97,20.91,133.66,5363.23,1
67.89,34.33,18.64,48.27,29.64,248.6,7.48,318.05,5.14,21.95,94.05,3641.31,1
62.34,36.47,44.58,35.03,34.56,935.2,6.67,1223.58,4.03,21.53,102.87,8978.37,1
94.28,41.4,38.42,44.92,42.0,1167.33,8.92,1577.66,5.47,10.2,178.06,3556.72,1
68.42,71.66,26.71,39.89,33.44,725.36,6.6,956.33,12.05,7.01,181.53,4896.76,1
90.23,40.53,32.36,32.33,41.32,865.5,9.07,1180.25,9.0,17.17,172.43,1522.01,1
60.35,97.77,42.34,72.03,38.93,1159.8,8.29,1462.15,4.18,7.99,178.37,4119.24,1
59.59,61.27,31.62,37.64,31.45,932.61,9.04,1260.84,12.36,18.13,131.16,2035.8,1
51.4,65.11,20.23,51.79,25.48,469.71,7.04,621.71,1.29,12.68,143.4,7078.69,1
79.33,47.27,26.36,47.01,31.01,935.66,6.61,1269.63,10.64,17.88,129.15,5707.61,1
66.58,62.97,40.29,88.75,34.69,953.94,7.82,1273.03,6.87,7.52,165.69,5791.29,1
88.9,76.33,34.33,47.38,38.85,1080.93,7.72,1412.61,11.1,12.16,128.16,3648.83,1
71.29,82.58,34.52,25.6,37.01,945.05,7.4,1352.2,13.95,13.28,57.77,7611.72,1
93.57,82.77,41.0,26.29,41.52,1363.09,9.09,1754.23,11.38,20.86,169.53,1524.53,1
58.35,70.45,41.82,61.35,35.82,436.75,8.72,605.45,6.91,7.33,161.69,4002.01,1
89.09,93.31,42.59,61.96,42.0,1341.31,8.29,1924.68,2.69,20.73,171.25,6446.23,1
84.95,87.22,17.85,49.31,32.13,846.01,6.94,1148.65,12.19,18.1,70.47,8309.42,1
84.69,82.99,31.32,50.23,37.63,1006.35,8.48,1434.33,7.18,16.62,83.46,3259.62,1
88.02,33.89,37.22,23.78,39.25,319.35,8.46,407.17,1.59,17.74,87.32,5558.25,1
84.25,30.48,37.71,56.16,38.4,656.69,7.65,885.72,10.93,14.11,121.29,5534.94,1
78.18,44.87,33.2,55.33,32.76,1123.25,9.0,1506.74,4.73,6.88,61.42,8056.31,1
55.91,76.45,20.0,30.47,25.48,1048.29,6.95,1312.07,1.21,5.79,101.66,1878.88,1
51.46,58.78,38.92,27.27,30.53,248.17,7.22,332.21,13.59,19.33,69.15,4683.57,1
91.44,58.17,36.6,28.65,39.64,855.91,6.67,1133.06,7.5,16.5,82.36,2868.49,1
77.75,91.92,17.58,27.07,31.43,305.93,8.65,423.4,4.57,6.26,153.02,1661.49,1
85.84,92.69,28.91,62.68,37.9,1395.03,8.18,2005.58,10.89,14.3,176.77,2602.73,1
71.67,93.64,20.22,33.75,30.46,1276.76,7.35,1617.85,13.35,10.95,43.66,8823.53,1
55.28,51.97,25.12,37.6,29.6,225.3,6.94,296.38,0.5,5.17,130.54,3111.36,1
55.63,78.37,15.54,32.15,25.5,1230.38,6.61,1647.25,10.47,12.64,45.77,8512.73,1
80.85,49.01,27.01,87.05,34.08,1303.32,6.95,1747.79,11.62,7.63,53.64,3039.41,1
69.36,43.34,31.5,79.82,32.44,624.26,7.72,877.06,3.54,3.92,152.81,8484.71,1
59.02,42.92,33.59,36.13,32.14,1063.4,7.17,1423.55,7.6,11.34,157.7,6409.66,1
72.12,53.95,34.9,42.93,36.39,730.52,7.2,917.12,1.79,13.8,170.24,2349.14,1
52.89,60.1,40.09,34.69,35.05,986.28,8.86,1372.92,11.33,2.94,115.88,5864.36,1
76.19,88.17,21.46,54.43,33.94,608.38,7.89,868.14,12.79,10.04,177.57,3888.86,1
62.1,38.39,18.61,21.37,25.96,587.07,8.47,794.18,2.07,7.15,66.69,4373.65,1
85.89,81.44,40.55,67.0,40.46,709.32,6.6,969.09,12.34,2.61,79.95,4801.28,1
63.97,67.2,19.7,56.62,29.23,374.68,7.49,480.56,11.69,4.51,61.52,4670.3,1
70.48,50.16,44.24,82.9,40.24,1197.37,7.79,1549.55,5.53,4.78,167.61,6480.82,1
50.52,64.5,40.28,31.51,33.61,618.44,7.0,802.13,10.51,5.66,76.59,7262.76,1
53.26,51.0,30.03,76.29,28.7,680.18,6.82,908.82,0.5,18.07,64.88,3968.83,1
67.66,71.73,44.44,75.44,34.96,1272.87,8.85,1827.36,14.01,10.79,139.7,8432.73,1
71.6,60.37,17.92,28.9,27.17,795.95,9.04,1078.0,8.48,4.94,52.33,8538.5,1
77.0,41.51,24.09,47.9,33.23,853.1,6.71,1099.16,9.49,4.01,47.18,1805.18,1
63.12,38.16,34.15,31.91,33.42,1347.8,7.44,1756.47,10.14,7.96,57.07,1611.82,1
81.27,68.27,25.5,37.83,32.05,1264.07,9.09,1677.17,8.64,17.96,40.04,4688.0,1
88.71,93.17,42.85,38.43,42.0,403.36,6.72,554.48,12.92,9.29,151.52,5929.84,1
85.09,54.08,16.97,58.94,33.47,767.86,8.24,1027.4,9.34,5.2,129.96,3584.29,1
51.78,81.31,31.48,48.8,26.66,1365.56,9.12,1814.13,13.66,10.08,73.58,3445.6,1
71.62,76.11,32.73,86.34,36.57,646.84,9.14,881.61,8.94,13.11,77.28,6587.5,1
54.72,95.21,34.58,28.85,30.03,645.89,7.77,838.6,2.98,2.59,169.75,6012.78,1
60.89,87.47,22.67,88.16,30.67,434.04,6.94,549.39,13.75,14.55,120.29,2753.6,1
94.4,69.66,25.94,36.14,36.61,337.19,7.05,423.13,10.38,9.9,151.76,8133.76,1
56.41,75.99,40.31,74.1,31.16,1088.37,8.9,1415.15,10.64,2.19,112.44,6599.82,1
72.45,92.89,20.85,43.73,29.49,1124.04,8.96,1425.64,14.79,15.48,78.03,4219.32,1
77.82,57.97,39.81,30.02,38.2,1362.82,8.14,1795.19,1.59,16.25,195.26,6627.19,1
81.61,52.88,31.88,80.05,35.78,1128.1,8.57,1584.52,6.71,14.58,130.5,2344.9,1
75.18,30.76,37.87,41.62,36.62,492.02,8.5,685.52,3.97,8.84,60.96,5011.92,1
50.44,87.86,36.41,66.12,31.02,248.14,8.29,340.49,9.64,12.59,104.97,2767.38,1
64.69,86.07,21.23,59.65,28.26,1382.52,8.73,1963.88,12.2,9.74,92.69,1810.73,1
73.3,37.31,32.06,53.02,34.41,608.54,8.35,795.01,14.51,16.01,74.25,4037.45,1
53.95,70.38,41.03,54.71,29.43,574.37,7.94,819.63,7.09,13.67,189.35,2630.52,1
65.78,62.48,27.96,71.26,32.02,1287.15,7.14,1711.71,11.9,3.64,180.95,6251.38,1
51.49,38.31,44.0,26.14,33.09,902.12,8.51,1199.98,13.8,14.86,71.86,6555.51,1
53.54,98.64,28.57,66.77,31.6,457.85,7.78,609.42,10.41,15.74,96.34,2615.19,1
67.86,45.03,19.28,82.71,26.84,1266.92,7.3,1608.5,4.02,9.41,161.97,1684.6,1
55.97,34.71,26.68,24.05,24.72,1392.03,8.67,2011.62,9.31,19.52,73.36,7446.08,1
75.54,71.64,43.55,29.85,40.36,304.01,8.38,388.44,14.56,18.86,134.65,1515.43,1
81.03,81.72,24.59,70.16,34.56,1234.7,9.03,1627.56,14.82,5.5,151.97,4079.35,1
86.03,32.27,41.04,50.61,38.85,668.62,6.95,878.47,9.81,20.09,144.64,5209.37,1
59.01,76.11,41.44,48.25,31.2,828.89,8.25,1048.49,13.36,10.82,153.03,7639.82,1
57.54,67.26,25.51,29.59,31.39,1297.78,7.16,1661.74,3.41,16.47,153.07,7789.19,1
54.71,37.23,17.5,55.47,27.63,1368.06,8.94,1722.34,4.07,18.28,194.37,6937.05,1
78.64,42.08,36.74,28.86,32.54,514.6,6.77,673.34,14.32,12.1,95.44,3353.98,1
81.79,69.76,24.35,53.36,33.05,455.42,8.27,648.21,2.46,9.98,180.57,6901.4,1
51.42,50.75,38.49,73.45,34.65,296.62,8.64,390.91,3.27,20.31,43.49,3349.04,1
92.13,95.68,28.28,38.08,36.98,874.16,7.46,1114.32,6.6,6.62,86.11,3109.56,1
52.34,87.31,29.56,53.66,27.45,216.33,9.08,298.34,9.05,7.14,47.78,5603.46,1
74.36,98.85,38.34,89.44,36.44,694.28,8.8,1006.23,9.26,9.23,144.19,6591.41,1
81.91,48.18,26.47,68.07,32.5,288.06,7.3,373.46,4.73,19.19,56.13,1897.89,1
89.19,97.88,28.29,78.89,33.79,686.27,6.52,896.21,13.85,20.78,175.31,1950.17,1
82.13,60.19,26.29,49.04,36.84,247.92,7.3,358.09,13.77,6.4,143.45,7381.28,1
86.08,54.33,26.02,73.75,31.94,1202.26,7.26,1545.81,6.18,19.28,44.61,7946.23,1
65.28,33.52,30.78,22.84,32.59,451.69,8.9,610.79,6.8,7.16,154.36,6033.31,1
86.67,33.69,39.26,28.6,42.0,593.97,9.11,770.93,10.69,21.41,177.93,4716.21,1
53.61,78.44,25.85,34.21,24.55,1244.06,6.69,1787.05,10.11,13.95,145.78,7839.87,1
90.27,62.06,30.73,48.14,36.47,1095.52,7.77,1584.45,6.04,2.14,44.88,6966.13,1
74.64,45.86,35.12,79.2,38.38,462.85,7.98,653.97,6.51,2.68,177.27,5846.96,1
86.78,72.98,23.08,44.24,35.84,286.28,6.75,375.87,5.55,4.95,157.19,3898.18,1
70.35,47.7,23.33,65.82,29.52,1058.81,7.52,1408.95,3.91,5.75,100.55,2984.96,1
78.96,70.43,43.0,69.65,42.0,668.84,7.36,868.47,7.14,17.35,92.58,4640.05,1
73.69,55.14,36.71,61.03,38.68,1119.3,7.95,1598.52,10.45,6.46,116.77,3651.17,1
82.92,87.65,32.32,45.01,37.58,734.35,8.29,1052.26,11.26,21.38,178.74,4044.44,1
53.67,87.45,34.43,60.39,28.67,615.2,8.4,820.54,11.79,14.72,80.33,5367.23,1
52.72,63.41,15.88,43.96,22.91,741.45,6.87,1024.16,5.93,15.85,56.15,2768.2,1
61.12,54.56,33.54,25.87,32.59,1098.27,8.69,1409.2,11.59,6.36,178.34,7546.33,1
57.18,55.38,30.29,89.5,29.52,1282.66,8.33,1714.91,0.59,19.85,44.21,2591.47,1
89.23,86.4,31.37,28.9,40.17,259.72,8.9,357.45,7.42,15.36,185.76,5107.45,1
59.86,52.97,25.78,25.06,25.93,828.93,7.71,1100.06,12.01,19.29,88.92,7094.79,1
93.91,44.63,17.44,81.5,31.6,239.4,8.91,316.38,9.64,21.13,121.32,5137.66,1
65.16,35.93,20.8,41.13,28.93,762.09,8.84,952.77,7.37,4.51,61.17,4207.67,1
58.2,62.67,43.52,65.52,33.8,1262.34,7.68,1780.98,9.85,3.93,184.36,5061.68,1
85.54,63.75,27.26,43.03,34.67,633.91,7.53,905.14,13.65,18.07,159.97,7865.03,1
79.64,88.86,29.0,47.4,31.52,1318.94,9.02,1904.41,8.71,19.32,187.86,8928.24,1
72.42,45.49,16.58,38.35,28.95,956.73,8.43,1333.54,12.1,13.68,149.32,6233.57,1
74.99,56.67,16.13,44.01,29.29,1320.99,9.01,1796.22,14.72,9.32,69.55,7450.83,1
82.36,86.59,36.52,48.75,39.68,1108.6,8.65,1445.46,10.73,15.05,89.32,1608.67,1
60.28,87.65,31.14,70.43,31.11,324.12,8.15,469.93,8.81,8.11,117.9,8102.73,1
94.84,56.92,30.26,55.81,39.03,477.38,6.81,653.03,1.04,6.77,137.16,8655.37,1
93.87,62.14,22.29,86.05,38.62,673.0,7.29,932.94,5.93,11.76,188.23,5813.77,1
79.26,51.23,37.34,22.93,35.26,404.13,9.12,560.32,8.7,6.32,101.43,7153.54,1
58.98,95.28,20.05,55.21,27.83,793.89,7.36,1126.58,12.06,11.67,152.49,5345.59,1
80.61,38.31,20.7,60.9,29.05,765.64,6.75,958.53,6.85,21.13,193.76,3646.53,1
53.25,95.36,28.82,84.41,26.72,1347.51,8.41,1743.75,14.42,18.8,64.38,7891.86,1
51.38,77.87,23.59,23.44,23.68,720.47,8.48,996.49,4.44,20.83,178.03,5976.28,1
61.6,67.21,22.42,60.14,29.81,1142.75,7.27,1633.03,11.3,18.13,107.31,5845.37,1
70.82,32.29,34.36,79.75,34.6,1330.29,7.3,1845.21,6.58,9.1,157.19,6443.49,1
89.07,63.29,34.53,36.93,39.33,1252.39,7.77,1669.05,7.55,18.24,86.97,7920.02,1
82.72,58.54,39.74,81.34,37.37,450.4,6.56,595.57,12.14,20.46,93.44,6989.3,1
83.42,41.29,27.53,21.33,34.89,795.24,8.63,1111.41,4.8,20.94,44.34,3083.43,1
69.15,75.95,17.19,71.27,26.78,617.29,7.36,863.12,1.9,15.66,195.42,5001.18,1
65.57,97.98,23.21,85.32,30.28,679.83,8.81,932.33,8.04,6.23,170.15,8852.24,1
66.7,69.35,44.4,66.0,35.23,632.97,8.67,828.11,8.17,2.79,55.03,5659.21,1
94.44,80.03,32.89,50.73,42.0,1191.63,8.29,1710.03,12.06,4.94,199.92,8536.84,1
51.8,34.79,36.29,23.14,27.3,742.57,7.38,1010.17,14.54,21.31,136.8,7600.27,1
89.02,59.24,15.22,84.41,30.97,828.43,7.89,1166.52,1.3,11.24,176.6,6495.18,1
76.04,38.15,30.55,52.92,38.06,1378.94,7.7,1782.77,9.08,19.1,50.67,4120.24,1
69.74,72.9,16.13,22.03,27.21,271.98,7.41,358.68,10.38,11.3,102.31,3782.4,1
82.64,95.69,32.08,68.29,34.26,785.55,8.79,1119.34,14.79,15.22,147.14,6325.66,1
71.9,76.32,42.62,53.73,38.33,1128.87,7.81,1422.41,14.17,2.48,57.03,4744.21,1
89.3,35.38,44.05,28.7,41.79,381.39,8.75,515.82,10.83,7.0,118.22,7490.65,1
90.53,54.83,31.22,35.0,36.89,933.84,6.78,1257.26,8.07,10.73,110.83,7203.43,1
68.98,68.55,28.75,24.51,30.11,487.36,6.88,682.42,2.84,14.61,74.57,3840.98,1
62.46,58.22,43.35,60.2,41.32,1240.88,9.14,1621.07,6.07,5.43,88.04,6770.47,1
76.66,88.36,35.21,63.54,35.98,592.52,8.09,766.61,8.98,17.29,194.74,5209.13,1
91.06,87.03,16.95,55.4,29.84,594.88,7.88,853.78,11.02,9.29,86.18,3924.69,1
59.48,72.83,28.97,77.2,33.0,917.83,7.91,1252.24,9.71,18.35,74.15,4597.25,1
78.03,56.14,22.21,80.27,33.5,420.28,7.08,534.14,10.85,3.96,125.79,8215.14,1
78.42,47.87,29.09,63.09,33.26,541.87,8.44,698.25,6.72,15.6,147.35,4196.38,1
82.99,37.41,28.66,20.89,33.91,699.96,6.73,1014.78,11.05,7.87,156.01,3655.49,1
55.92,54.84,32.46,68.67,31.69,624.37,8.05,804.88,2.58,17.91,160.68,4138.55,1
82.21,58.92,25.7,49.26,34.06,829.85,8.04,1138.64,2.86,10.04,45.89,3109.64,1
90.91,77.31,19.93,59.59,30.85,919.57,8.97,1226.73,2.86,15.31,103.0,5584.76,1
58.09,76.07,30.11,65.44,33.63,880.0,7.92,1255.87,13.42,20.69,163.83,2605.77,1
60.69,34.91,39.91,44.52,33.27,985.0,6.87,1380.02,1.6,2.41,184.78,7630.83,1
93.71,57.67,34.92,84.2,42.0,569.3,8.05,779.59,12.12,2.22,136.35,3191.85,1
58.14,42.72,25.15,29.38,30.9,351.71,6.75,440.39,3.89,17.41,48.37,5985.41,1
88.45,40.98,43.07,67.01,40.18,1112.97,7.05,1587.05,7.29,14.93,103.46,2437.69,1
72.15,87.91,42.37,20.31,39.93,1220.94,6.58,1634.75,13.78,7.86,51.88,8838.4,1
61.13,32.93,21.28,84.73,26.43,508.41,7.89,730.23,9.0,11.89,159.77,4909.32,1
89.18,59.34,16.18,27.88,29.23,688.51,6.73,928.87,3.55,2.84,50.16,7666.29,1
70.04,41.77,37.24,26.64,34.69,798.28,7.77,1108.69,4.62,5.85,69.72,7264.86,1
73.17,91.55,39.83,43.31,38.03,839.99,9.02,1061.63,13.85,10.49,106.71,6852.7,1
66.17,68.99,44.04,46.15,36.03,991.39,8.44,1386.98,6.69,18.68,114.02,7705.24,1
76.68,46.2,41.7,35.0,38.15,249.92,6.71,329.3,9.01,11.59,105.04,2253.48,1
57.36,65.17,33.02,60.96,33.18,1065.77,7.11,1407.11,7.17,13.73,114.14,6588.73,1
67.6,81.2,30.9,51.0,32.93,274.37,8.32,349.47,5.99,19.48,154.12,3493.7,1
93.62,97.07,15.84,22.39,32.26,761.95,8.92,974.81,3.74,8.18,99.08,7394.04,1
61.62,45.43,22.4,42.38,29.65,1193.21,6.59,1535.84,10.45,16.01,127.64,8676.52,1
79.55,92.03,28.79,76.73,35.36,741.46,8.69,975.49,10.91,19.23,88.54,8261.17,1
64.63,95.4,33.86,68.28,27.96,378.91,8.02,541.23,4.49,6.05,96.58,2362.14,1
84.81,94.15,31.72,70.74,38.16,1382.04,7.97,1829.34,11.94,9.13,138.21,4271.64,1
55.89,74.48,37.28,68.87,32.8,1267.14,9.09,1767.5,12.89,21.6,118.48,4232.42,1
93.64,74.09,23.39,41.77,36.64,1125.58,8.52,1425.6,13.85,21.66,155.69,2417.22,1
70.42,58.22,31.95,26.98,35.57,693.81,8.8,949.29,2.84,6.46,129.69,2235.95,1
60.62,82.67,17.64,39.07,24.99,420.61,7.46,566.31,4.91,3.33,168.57,4386.68,1
53.31,67.19,27.41,78.22,28.59,1329.69,8.0,1922.19,12.98,7.42,110.95,8940.54,1
57.64,77.42,37.5,88.63,29.4,838.82,8.16,1190.49,3.38,9.95,118.57,5767.07,1
73.39,59.99,35.8,54.57,36.69,1222.83,7.37,1639.77,0.55,10.82,147.2,6163.36,1
65.17,81.2,44.72,20.68,40.85,610.51,8.04,857.79,13.13,14.38,75.4,5032.64,1
87.3,87.71,23.34,29.8,33.0,602.35,7.14,776.19,5.23,19.99,101.75,6467.48,1
69.39,40.25,29.95,42.55,31.31,1382.65,6.89,1883.81,6.51,8.61,139.97,8674.97,1
61.19,88.31,24.89,60.5,27.59,826.2,7.51,1045.08,6.97,19.0,44.62,5915.23,1
77.77,67.82,28.22,25.26,34.58,368.83,8.5,486.72,12.8,3.87,109.92,1987.79,1
81.8,89.13,40.71,86.04,37.57,463.61,8.97,600.45,5.4,2.84,135.82,5196.68,1
57.52,60.19,35.53,45.56,32.66,778.33,7.74,1084.83,13.44,12.08,194.78,8945.63,1
57.54,56.53,41.47,83.88,35.6,250.97,8.24,338.31,9.45,3.19,180.32,4405.52,1
51.65,94.05,21.11,74.64,26.37,755.04,6.78,1057.22,8.15,9.85,84.92,5954.11,1
83.14,47.58,41.2,72.88,36.67,702.73,8.94,950.83,5.22,19.94,121.15,2299.78,1
79.87,89.09,16.79,62.47,32.84,1135.2,8.04,1438.64,4.03,6.83,49.03,2558.85,1
71.36,63.88,41.66,63.87,39.29,625.93,8.61,874.47,9.55,16.12,78.52,8060.11,1
87.99,65.99,24.87,64.66,37.36,1379.06,8.64,1953.64,6.98,8.05,163.98,3752.58,1
86.26,51.59,24.44,64.01,35.86,416.92,7.19,596.5,13.7,2.9,59.73,3790.88,1
76.34,70.11,30.36,58.76,35.15,909.18,7.93,1240.49,7.63,13.13,81.23,4404.1,1
89.07,52.76,43.22,89.05,42.0,307.64,9.09,430.92,7.92,18.7,191.05,8748.59,1
59.26,32.75,16.43,71.26,29.41,1080.64,6.74,1513.33,6.54,10.19,171.82,2132.93,1
55.04,49.04,25.57,74.39,25.8,1393.7,8.34,1785.54,11.94,14.35,165.09,7640.73,1
62.14,30.45,40.7,81.07,36.93,1182.97,9.1,1517.56,6.66,20.0,178.33,4061.68,1
52.57,98.48,26.88,35.09,27.38,866.84,7.31,1095.84,4.41,17.79,159.94,7871.01,1
73.9,97.6,20.97,25.87,30.56,781.69,8.83,1027.13,13.0,5.88,59.29,8938.17,1
92.15,57.66,27.74,53.8,34.67,1202.04,9.02,1616.38,9.15,16.67,122.65,4115.01,1
51.77,80.99,26.57,55.99,26.67,1323.17,8.52,1918.04,9.08,12.04,111.08,2470.17,1
55.49,54.21,42.46,78.04,31.74,1387.05,7.12,1853.37,9.36,16.92,89.78,2582.82,1
70.35,76.98,37.86,51.06,34.91,675.85,7.4,942.97,10.92,11.89,173.45,7190.56,1
92.02,86.38,30.15,59.96,36.36,1389.1,6.6,1929.02,5.04,4.56,114.26,2586.91,1
64.23,96.27,44.65,56.89,35.79,387.11,8.74,499.72,0.99,13.4,49.65,3453.16,1
72.83,58.01,28.96,22.67,32.53,504.26,8.79,636.23,12.25,11.84,83.99,3032.99,1
51.87,84.83,16.75,63.07,24.02,306.82,8.21,417.03,2.37,12.36,76.58,4167.59,1
56.68,48.61,22.87,77.96,23.94,526.09,7.45,731.29,10.97,19.58,182.0,2057.75,1
94.4,99.32,28.08,31.03,35.54,1121.53,6.71,1625.82,1.69,19.9,143.59,7925.57,1
93.43,31.8,19.71,61.6,35.98,1223.51,8.53,1617.14,5.94,11.07,129.66,7951.1,1
50.22,72.25,43.43,61.55,31.16,1134.67,8.46,1621.75,1.41,11.11,121.06,4597.0,1
92.83,76.17,38.01,31.49,42.0,957.28,8.96,1269.72,8.07,12.3,144.02,6090.66,1
78.76,78.16,23.05,28.64,33.21,816.76,8.47,1133.57,9.97,12.39,160.78,6314.64,1
89.06,38.43,32.72,88.6,39.93,1050.45,8.74,1438.74,2.99,21.01,128.7,7119.44,1
70.46,95.7,36.64,47.56,38.26,669.0,8.51,843.34,5.89,14.99,190.13,5405.18,1
73.2,42.68,43.24,35.92,37.81,1209.57,8.2,1530.93,13.99,7.55,196.29,5327.52,1
72.0,73.59,41.45,31.99,36.36,1012.63,7.65,1269.99,6.91,12.63,199.25,6234.78,1
80.01,45.59,30.46,66.73,37.41,1037.37,8.94,1373.65,12.14,14.54,147.1,6772.86,1
56.28,51.51,38.24,62.66,33.47,843.12,8.26,1179.66,13.94,14.8,189.22,4100.18,1
51.35,68.25,31.86,65.05,28.62,1262.27,7.58,1621.46,14.63,13.71,104.72,3977.78,1
63.86,59.2,31.58,26.16,34.8,502.42,6.73,688.9,13.53,5.55,177.53,3522.89,1
81.71,41.22,18.44,82.55,31.46,657.38,7.28,859.7,5.1,2.67,185.47,5616.35,1
59.08,41.97,18.78,47.25,26.41,1133.17,7.97,1597.09,14.46,8.76,184.66,4201.17,1
80.3,59.27,30.89,41.94,35.93,791.3,7.24,1115.48,12.28,10.55,172.94,5552.35,1
93.65,83.01,23.07,52.37,34.62,1267.06,7.1,1780.32,12.64,3.24,105.06,4544.89,1
54.23,92.86,15.63,47.3,24.18,615.68,7.92,834.22,0.72,18.3,65.43,7775.51,1
80.27,35.89,36.69,80.45,40.7,643.2,6.96,840.6,14.34,8.88,93.43,2048.48,1
69.97,57.52,15.97,85.05,28.97,1266.48,8.66,1788.13,11.78,20.27,162.77,5791.58,1
89.07,37.02,32.86,41.24,38.83,757.24,7.81,974.74,11.64,5.09,77.26,5817.18,1
57.97,31.16,31.18,80.48,30.08,819.35,8.05,1071.67,1.68,3.14,116.52,4377.88,1
81.17,76.32,44.06,74.71,41.38,599.32,6.9,771.19,3.87,11.65,130.46,4657.66,1
87.72,72.17,29.53,85.16,38.76,532.0,7.38,736.74,14.45,5.78,136.62,7500.99,1
92.51,41.41,16.91,37.2,35.26,987.14,7.61,1369.41,7.76,20.75,189.72,3605.05,1
80.75,46.37,31.55,60.39,35.57,343.81,8.68,474.63,6.27,2.21,145.84,8035.53,1
72.37,31.66,40.23,39.22,37.82,1255.13,8.58,1673.24,12.68,10.25,165.81,8222.57,1
77.8,88.45,44.91,77.69,41.13,1135.04,7.1,1441.54,1.77,20.53,133.1,6379.64,1
89.1,98.23,27.91,20.37,35.03,428.9,8.16,614.28,6.55,9.69,173.37,7296.43,1
75.68,39.48,24.61,59.54,32.87,1032.82,7.16,1395.91,5.95,3.86,82.19,6097.11,1
51.37,46.2,42.2,43.74,28.29,923.16,9.17,1229.09,5.57,8.06,73.58,5439.44,1
91.89,90.79,20.74,42.59,36.2,421.44,9.07,576.43,4.96,11.96,188.21,8750.08,1
81.03,94.85,33.46,65.14,38.29,527.84,8.02,680.16,3.55,5.7,150.96,3619.91,1
80.44,59.37,27.17,79.6,36.12,690.78,8.39,881.79,3.01,11.33,147.44,2656.13,1
59.71,33.54,16.23,62.64,24.82,1039.09,8.66,1383.14,9.79,18.73,114.77,3656.14,1
79.65,32.76,25.42,79.72,34.43,966.47,8.45,1252.01,13.83,19.45,100.27,6109.69,1
67.72,70.18,22.96,38.52,32.81,838.68,8.39,1089.33,7.88,2.99,128.91,2888.88,1
79.31,57.5,35.58,56.37,40.11,1122.09,9.09,1602.91,4.82,5.22,59.29,8316.11,1
54.8,32.01,43.46,51.54,33.85,1109.53,8.11,1504.68,2.81,7.51,112.75,4582.68,1
79.6,70.83,23.04,20.82,33.24,941.43,8.22,1267.82,12.54,13.9,112.86,7874.72,1
94.97,30.79,39.34,58.98,42.0,1144.39,8.79,1588.29,14.59,9.22,126.13,3369.27,1
52.17,85.12,16.66,66.31,20.87,601.12,8.31,865.79,5.56,18.88,141.55,3848.76,1
93.97,51.45,31.14,61.43,38.75,1257.5,8.48,1600.09,4.72,16.33,193.17,1944.18,1
68.31,32.82,17.12,71.54,30.74,937.89,7.13,1328.72,9.22,4.01,144.35,3433.26,1
89.18,71.18,43.02,59.99,42.0,1186.84,7.5,1622.17,11.74,14.49,181.4,5177.35,1
85.21,57.84,37.99,24.67,40.34,855.53,6.9,1094.43,7.1,4.26,129.01,8596.03,1
75.52,98.17,34.74,28.15,33.03,462.13,7.87,605.12,9.64,7.1,140.31,4416.77,1
83.23,68.09,39.72,61.75,39.61,850.89,7.73,1145.7,10.89,5.56,51.17,6298.08,1
89.53,49.27,34.43,39.25,38.25,645.33,9.19,895.88,14.43,5.46,61.32,4707.83,1
68.19,79.66,44.07,25.58,38.13,1037.0,8.15,1346.57,2.89,14.33,132.75,1850.94,1
64.72,49.0,36.42,50.07,32.31,770.95,8.62,1046.16,14.96,13.27,103.31,5276.49,1
80.04,93.3,42.74,58.8,37.92,1203.34,7.4,1668.95,6.19,5.52,167.81,1994.35,1
86.35,56.23,30.51,43.01,33.14,1013.69,8.75,1358.09,10.99,21.8,126.91,8127.75,1
84.3,68.49,18.51,70.43,35.0,1021.45,8.16,1453.12,8.8,10.44,181.17,7147.78,1
85.9,33.54,30.85,65.06,36.47,460.59,8.38,655.83,7.56,3.94,195.57,4339.89,1
69.6,59.83,18.81,43.3,29.3,1381.1,7.29,1856.39,10.62,4.41,63.62,6301.64,1
86.8,88.27,32.77,72.84,38.17,1210.01,7.98,1747.96,6.24,13.68,103.17,2340.21,1
55.41,86.4,29.47,65.41,27.03,1146.81,8.21,1450.84,2.33,21.58,146.4,6769.16,1
74.5,45.7,33.68,64.62,32.89,596.26,8.09,745.72,7.59,13.44,88.88,7670.49,1
50.26,45.83,15.3,58.74,20.91,842.76,8.97,1117.61,8.07,20.98,82.73,7663.09,1
64.61,87.21,20.85,20.8,27.0,364.52,8.93,499.48,3.43,10.88,170.2,3632.08,1
66.49,95.13,29.74,68.76,32.76,846.17,9.12,1164.2,14.07,10.72,196.86,3478.1,1
67.83,36.68,43.52,46.32,35.6,375.07,8.3,504.57,3.8,12.0,163.81,5410.48,1
81.3,61.5,26.51,85.98,38.09,863.65,9.12,1101.13,6.43,15.95,123.79,8758.29,1
67.49,53.62,27.73,77.26,33.63,978.47,8.75,1256.45,2.75,9.35,110.8,8403.92,1
70.19,90.95,36.44,61.14,36.92,668.24,7.23,949.18,8.27,19.28,126.34,4197.29,1
60.69,35.85,33.11,37.65,31.52,798.25,7.65,1136.38,4.96,2.59,114.05,7348.72,1
66.8,44.78,23.97,34.26,33.12,1250.78,7.14,1732.06,7.59,10.8,120.46,8409.88,1
60.23,82.67,27.32,43.83,29.18,330.28,6.51,456.72,3.76,12.22,72.55,3456.95,1
53.29,33.59,21.53,53.36,25.8,1150.08,7.01,1575.08,1.28,14.14,184.6,7727.22,1
77.16,64.48,43.98,40.72,40.02,404.91,6.51,522.56,11.8,7.52,160.73,3509.22,1
80.07,60.95,18.92,56.05,33.04,244.05,8.44,325.96,9.8,10.55,148.96,4074.62,1
77.88,53.41,26.16,31.58,34.9,422.69,7.65,587.19,5.44,11.69,191.99,2991.16,1
70.86,57.62,15.78,88.44,27.29,1118.05,7.34,1517.7,1.19,15.74,85.5,5303.1,1
67.09,67.1,21.65,27.55,28.29,686.15,8.56,860.24,13.05,17.47,52.99,7824.83,1
88.85,41.3,38.41,85.24,41.94,1247.02,8.75,1796.6,2.96,16.76,172.18,5460.39,1
73.36,70.04,21.04,83.95,32.13,829.65,9.13,1177.24,14.0,8.83,199.75,2425.8,1
71.56,86.38,17.4,56.78,28.19,226.7,8.23,295.19,7.44,21.99,132.55,3388.32,1
51.15,83.21,29.23,70.74,24.85,1060.06,7.75,1455.77,5.44,18.97,49.41,5721.46,1
65.36,40.77,15.3,50.52,26.28,332.28,7.32,476.7,11.26,7.2,164.87,5873.91,1
67.11,40.45,17.54,64.1,29.16,1147.26,7.1,1456.1,13.21,5.9,51.8,5826.79,1
67.95,48.77,39.23,43.84,39.33,401.72,7.07,542.57,5.88,8.28,126.4,2077.53,1
76.11,55.28,38.14,41.08,34.98,614.54,7.6,824.25,6.41,11.05,84.41,7152.72,1
74.01,58.59,42.45,60.48,37.51,1113.53,9.18,1483.26,6.78,19.02,186.4,8320.71,1
77.36,77.58,40.64,54.87,37.78,1345.08,6.5,1906.13,13.87,17.57,112.21,5328.89,1
84.42,33.97,35.5,60.57,41.24,645.72,7.03,856.31,10.54,19.02,183.75,6891.22,1
86.58,32.43,16.57,40.07,32.38,1195.28,7.01,1509.32,4.09,7.44,87.85,8355.12,1
82.32,57.43,38.49,45.69,37.23,428.95,8.44,541.84,3.18,13.87,101.98,6319.67,1
93.0,78.8,40.37,25.87,42.0,1168.62,7.45,1470.76,3.84,7.66,191.54,6557.44,1
50.82,43.54,38.97,23.66,30.54,988.99,7.73,1317.17,4.32,4.18,72.21,6910.53,1
58.81,74.91,30.25,37.74,27.84,431.29,6.9,601.08,3.84,15.68,132.56,3453.77,1
50.34,48.19,21.99,25.2,23.5,563.0,7.59,726.7,10.05,4.86,102.16,5870.08,1
79.14,92.03,40.36,27.26,42.0,358.13,6.78,493.96,2.18,15.35,163.87,7816.31,1
90.41,92.7,36.81,76.9,41.26,659.56,7.94,915.09,6.12,14.96,60.69,3721.22,1
60.96,50.81,44.42,22.72,36.0,444.38,6.76,578.15,9.56,18.2,109.95,8228.78,1
91.72,46.1,19.67,66.13,34.31,972.8,8.63,1332.84,4.72,4.79,151.83,6152.86,1
52.71,58.79,21.77,39.08,26.38,1393.41,8.03,1932.62,1.45,17.67,105.12,4673.81,1
92.05,46.84,21.35,81.01,36.05,214.41,8.45,288.02,1.69,21.99,49.37,6173.87,1
65.82,77.07,38.78,53.95,35.61,849.1,7.63,1118.56,2.33,19.02,152.82,4513.95,1
54.56,87.82,20.61,41.39,26.08,888.4,7.53,1220.51,12.62,17.04,120.51,7785.27,1
71.86,77.12,17.0,56.23,30.65,1297.05,6.77,1874.98,10.04,15.24,41.81,5117.39,1
61.55,87.7,44.96,46.74,36.17,807.21,7.91,1077.92,1.44,10.44,138.02,8259.1,1
62.82,57.79,15.74,59.5,24.26,852.44,7.89,1132.34,6.17,16.61,187.18,5323.56,1
63.83,40.94,40.06,28.02,33.75,765.98,7.76,1028.6,4.54,16.48,57.76,6452.76,1
86.14,81.66,25.96,89.79,31.66,522.69,8.5,661.32,8.88,14.63,134.51,8983.08,1
74.26,55.23,40.25,49.79,41.71,267.23,8.75,363.61,8.08,17.93,156.59,2602.24,1
64.01,76.99,31.64,44.38,33.8,690.39,8.53,908.37,7.48,10.98,51.32,7025.47,1
77.47,48.95,42.05,69.71,37.42,263.11,6.89,335.28,5.06,4.43,43.62,2541.54,1
82.23,35.69,42.79,45.47,39.97,860.59,8.18,1155.99,2.5,13.18,114.27,7791.5,1
62.27,99.48,15.27,78.33,24.64,568.75,6.72,711.33,11.26,7.3,166.59,5973.4,1
68.61,40.93,17.26,51.8,31.28,840.32,8.38,1117.93,13.26,9.69,65.72,8536.2,1
55.48,99.19,22.51,70.37,23.91,361.16,7.53,459.08,14.19,2.35,173.86,7994.67,1
58.15,98.41,35.08,27.52,32.04,1319.16,6.86,1655.35,1.35,9.66,145.05,2061.54,1
80.65,85.57,41.65,79.23,39.52,1273.43,8.83,1801.76,11.23,18.18,93.15,2529.77,1
58.16,76.16,28.8,71.5,31.27,428.0,8.16,613.42,11.03,12.85,122.53,6008.78,1
73.63,70.45,33.21,34.82,34.82,612.13,7.46,790.59,14.23,2.2,194.49,5387.36,1
81.91,90.63,20.65,30.17,29.19,936.19,6.58,1271.22,4.17,11.4,74.63,2764.24,1
54.81,50.26,39.15,42.14,31.9,314.82,7.95,411.03,11.26,7.83,119.93,2470.19,1
75.53,62.74,44.02,88.32,37.34,625.48,8.99,843.6,1.29,11.55,139.92,5729.93,1
61.55,73.36,23.06,37.98,28.62,501.33,8.11,670.45,9.65,10.09,62.08,1866.91,1
93.33,58.78,29.84,51.93,41.65,1298.62,9.12,1693.15,5.59,20.64,46.96,8053.01,1
71.76,59.92,17.58,22.1,25.62,1223.01,6.87,1700.08,11.65,2.82,42.15,7553.12,1
86.27,53.12,31.77,47.81,36.09,895.8,8.03,1142.41,13.02,15.67,91.95,7390.27,1
74.76,69.5,30.08,59.99,33.11,824.42,8.65,1039.27,5.79,19.02,51.83,1619.98,1
51.95,89.54,19.33,86.72,23.99,1316.87,7.92,1848.27,8.12,21.18,168.6,1857.31,1
78.49,44.11,28.26,56.17,35.99,1318.91,6.75,1824.3,2.2,5.55,199.57,5623.79,1
92.81,95.41,25.02,77.34,36.61,1363.2,8.07,1839.91,6.55,12.63,49.81,8958.19,1
77.07,78.24,30.65,58.3,35.83,350.45,8.15,470.86,5.73,2.87,109.24,4067.37,1
86.86,87.63,32.57,22.85,36.86,392.67,8.47,529.9,3.16,11.98,44.12,4082.81,1
89.79,68.93,15.25,42.05,33.25,1012.08,8.56,1353.57,13.47,4.51,61.44,2507.08,1
60.26,84.57,37.83,60.29,34.86,849.72,8.58,1128.92,2.65,18.76,91.67,6557.52,1
59.54,31.13,36.39,86.54,31.16,222.16,8.29,299.9,9.72,4.28,102.99,6350.08,1
77.49,87.29,25.99,80.14,35.03,274.37,7.08,371.96,13.41,12.27,190.37,2259.92,1
68.5,32.81,16.59,35.98,28.03,1265.7,7.59,1757.27,13.72,12.42,103.33,5005.59,1
87.79,92.29,37.65,35.41,42.0,1242.64,8.6,1730.06,12.0,21.43,119.4,6503.06,1
90.5,99.44,43.66,34.08,42.0,628.73,9.07,833.39,3.05,15.1,79.29,5201.37,1
65.9,50.58,22.2,84.57,30.01,1269.26,6.71,1691.55,12.35,7.76,40.02,6557.73,1
60.66,44.72,24.71,79.69,28.73,912.41,7.95,1208.71,4.51,6.82,183.89,7622.03,1
85.12,83.58,20.51,74.24,33.27,1167.09,7.34,1584.1,13.87,4.56,53.07,6643.62,1
62.37,47.71,32.31,47.49,32.42,712.92,7.11,955.79,10.78,17.13,194.28,6120.86,1
87.02,90.59,19.65,55.31,34.7,336.08,7.87,479.89,11.89,15.82,60.94,7901.93,1
69.07,37.2,25.69,52.5,28.76,720.47,8.14,1000.93,1.73,14.2,136.78,8254.41,1
80.04,38.82,35.91,37.74,40.45,748.76,6.53,1070.53,8.95,2.82,199.91,4416.65,1
54.3,98.54,31.8,55.35,25.99,861.13,8.61,1198.55,12.41,17.26,62.15,2799.37,1
78.07,77.17,26.59,22.13,32.46,326.7,8.71,471.82,12.99,14.84,107.83,7633.95,1
70.33,89.28,27.61,29.23,32.06,1389.68,9.11,1913.8,0.92,21.28,164.87,3103.15,1
76.4,52.7,31.86,82.06,36.08,492.96,6.99,711.2,14.12,13.74,45.15,8467.13,1
57.56,77.35,15.18,72.62,27.85,438.26,8.11,561.69,1.13,8.08,150.37,1671.58,1
83.16,71.6,17.36,49.6,28.15,832.16,7.65,1048.94,9.41,9.63,52.86,8409.53,1
88.83,72.22,41.44,56.2,40.69,844.65,7.4,1153.64,10.55,5.52,77.84,5918.87,1
59.75,77.78,17.34,45.9,21.75,727.78,8.03,1052.89,2.06,16.46,65.61,7310.57,1
54.31,70.28,36.2,71.85,31.31,1126.27,8.61,1501.91,1.2,16.15,185.17,4488.69,1
51.06,60.03,42.6,74.89,33.22,819.99,6.56,1059.76,11.88,6.01,68.87,8937.87,1
78.89,49.31,23.12,73.43,36.0,931.63,9.12,1261.72,6.08,5.17,46.47,3206.64,1
77.32,83.8,26.11,70.58,33.71,1068.5,8.69,1474.27,2.05,3.54,134.02,3482.58,1
74.6,45.84,32.07,34.32,36.96,230.03,8.53,302.04,11.56,20.24,95.39,1885.74,1
60.44,78.46,41.45,43.66,35.79,884.77,8.55,1232.45,12.81,6.66,104.91,8553.55,1
67.59,46.33,43.26,52.89,36.17,1261.03,7.55,1822.22,9.02,8.88,59.05,4920.22,1
76.75,73.77,37.19,43.16,34.39,220.87,8.53,315.7,2.84,7.61,159.72,6561.39,1
72.35,82.3,17.6,72.85,29.8,686.22,7.54,897.79,0.72,10.27,136.25,6655.81,1
94.45,45.31,35.07,43.05,37.9,1311.47,8.93,1725.04,10.66,16.28,98.27,8058.77,1
56.14,34.2,27.31,29.68,31.18,623.79,6.98,826.08,8.48,19.41,67.45,6486.94,1
81.28,39.17,29.12,47.93,35.19,750.47,7.29,997.31,9.94,5.65,134.95,5715.16,1
68.19,72.42,16.47,88.59,30.2,1377.85,7.99,1749.96,12.29,15.73,164.58,6827.39,1
69.27,89.46,20.73,35.81,28.61,439.19,7.36,615.91,6.8,9.05,89.98,7132.28,1
82.29,33.15,38.72,62.85,39.66,278.31,7.65,368.22,2.31,21.61,44.14,2894.46,1
81.16,81.39,28.62,50.31,35.73,1231.31,7.83,1755.8,14.13,7.98,74.3,2322.5,1
94.61,53.89,24.05,24.97,36.98,1242.16,8.81,1782.98,8.41,2.14,149.18,2061.37,1
55.78,63.5,26.52,54.15,27.36,766.49,7.91,961.86,9.42,12.31,198.26,4305.4,1
54.68,95.02,40.63,69.15,33.68,817.05,7.48,1182.84,14.03,5.01,42.14,5235.0,1
82.6,53.24,37.47,55.93,36.91,1202.97,7.17,1674.54,14.01,2.89,88.98,6117.37,1
76.03,62.57,23.17,81.05,29.7,1086.27,7.6,1470.9,8.8,15.97,49.92,8685.26,1
62.34,30.96,18.53,40.23,29.55,518.18,7.89,688.09,4.82,16.65,90.62,3980.91,1
53.57,35.71,22.56,26.04,27.74,220.27,8.51,298.18,14.96,11.21,104.95,7206.56,1
53.85,48.1,42.62,85.56,33.51,775.64,6.83,1019.91,10.37,15.54,187.34,5485.18,1
90.24,31.95,32.45,46.47,42.0,1230.69,7.1,1691.64,6.42,12.76,52.89,3150.67,1
58.63,74.2,31.0,60.35,29.97,1275.0,7.53,1617.46,8.62,14.6,164.34,6114.79,1
64.55,59.85,32.89,75.44,35.3,1347.47,7.47,1851.73,6.53,13.93,103.29,8753.82,1
60.2,68.37,25.98,42.7,29.49,1255.48,7.56,1638.48,13.38,15.32,169.8,2432.31,1
65.97,42.23,39.21,70.13,33.17,896.05,8.64,1123.23,7.5,5.99,122.14,5304.6,1
53.12,50.72,30.7,29.48,32.72,733.53,7.38,997.99,12.44,7.37,46.29,1887.06,1
73.36,76.47,18.5,40.39,31.8,1129.82,7.86,1542.98,12.68,10.8,191.39,3909.12,1
53.04,97.57,18.87,30.13,24.62,1087.79,8.18,1452.54,12.45,10.92,53.24,6154.52,1
86.02,33.53,31.11,76.79,38.85,845.77,7.13,1069.44,10.97,17.49,135.63,7807.93,1
60.52,92.33,43.1,35.59,34.41,304.79,8.44,435.45,12.9,9.35,180.43,6977.46,1
74.3,70.38,24.25,70.22,33.72,1311.3,7.98,1799.48,6.11,5.25,52.76,4971.43,1
89.6,69.47,41.09,86.03,37.0,746.72,7.71,950.68,2.16,7.03,128.62,8319.17,1
79.29,65.02,37.92,56.94,36.06,636.0,8.69,859.99,12.72,6.29,171.89,3770.36,1
73.98,34.86,22.43,57.8,33.31,955.48,7.16,1289.37,7.72,16.63,197.81,7154.88,1
64.6,36.29,16.09,52.27,26.28,1008.61,8.88,1272.94,2.35,11.41,155.89,5055.07,1
64.99,72.06,18.06,42.81,27.98,452.83,8.01,620.99,2.17,16.17,84.53,8239.77,1
80.13,53.87,36.85,53.3,35.24,1204.33,8.14,1700.11,2.81,10.32,151.93,7480.75,1
94.74,94.21,20.99,62.2,39.73,547.92,8.86,766.99,11.39,19.79,152.92,8261.02,1
79.78,58.46,26.14,89.02,36.48,424.02,8.71,547.24,10.81,21.67,151.99,3106.86,1
75.1,40.03,30.05,85.64,33.89,687.68,8.12,978.2,3.46,15.4,176.68,6511.13,1
82.88,80.03,36.76,80.35,37.78,1076.67,8.53,1419.6,12.78,19.28,53.98,7038.48,1
70.93,50.53,18.4,82.24,31.23,1358.55,7.67,1955.36,4.58,12.16,57.35,7068.11,1
52.71,66.78,27.19,52.75,31.66,1171.14,7.98,1480.73,12.0,20.69,142.5,5280.0,1
75.3,78.85,29.55,66.02,36.08,1328.42,6.67,1789.7,7.59,18.63,192.62,1584.38,1
93.09,93.02,31.22,82.65,42.0,368.73,6.74,504.94,11.11,21.84,114.53,3460.73,1
57.89,85.45,39.55,47.51,31.47,285.41,8.74,370.9,6.03,14.46,193.69,3924.76,1
81.05,77.35,20.15,87.32,30.68,869.25,6.66,1220.66,5.53,17.58,190.09,7890.27,1
59.04,77.57,39.23,49.11,31.11,548.36,6.96,754.2,12.7,12.86,184.47,7806.64,1
74.11,96.21,35.79,62.08,36.94,1193.67,8.65,1496.41,1.01,7.18,185.58,2285.1,1
54.35,50.71,31.68,69.69,30.03,1006.39,6.5,1380.43,14.63,9.1,183.73,8623.77,1
70.27,30.08,35.99,86.54,34.86,1364.87,7.26,1840.25,9.9,19.88,171.18,2868.43,1
84.03,49.04,27.36,37.12,37.2,505.75,8.08,652.02,6.77,3.12,151.2,4607.7,1
65.64,45.25,19.15,72.23,30.58,782.94,8.11,1134.6,9.61,13.83,43.91,3113.68,1
79.92,76.33,34.97,56.46,34.17,801.49,8.6,1145.67,2.28,9.45,61.16,7952.49,1
85.8,74.36,30.74,38.8,36.01,487.01,7.87,637.26,7.95,9.73,61.48,7120.52,1
91.72,71.54,34.18,74.36,41.53,908.11,7.88,1233.41,14.78,19.69,43.77,4151.47,1
60.56,31.14,25.14,58.66,28.0,731.94,8.46,961.26,3.91,19.08,58.67,6614.09,1
67.97,81.01,42.21,66.27,35.17,736.07,7.85,1034.25,10.97,13.98,187.16,2882.75,1
56.86,52.65,32.62,42.6,32.67,635.28,8.14,912.31,6.81,7.46,146.21,4367.23,1
94.66,76.55,17.56,53.69,32.23,220.32,8.92,291.21,9.96,11.51,89.93,4328.31,1
91.72,68.96,28.49,63.21,37.3,826.51,7.58,1166.31,3.47,10.17,166.94,3284.53,1
74.3,53.99,37.69,48.34,37.42,602.3,7.54,812.91,7.32,9.07,118.14,8072.34,1
87.89,39.42,38.82,33.89,39.41,201.58,6.51,267.97,14.71,4.06,62.74,6591.34,1
73.44,36.61,29.84,87.31,35.37,569.53,8.16,818.81,3.33,12.86,181.52,3599.54,1
78.06,88.21,41.84,55.8,38.02,534.35,6.58,722.49,9.73,8.04,94.19,3315.91,1
54.01,94.29,23.03,71.37,29.38,672.14,7.86,903.01,8.85,15.22,151.82,1634.65,1
83.99,75.49,27.32,48.77,35.31,358.22,8.67,495.95,8.69,8.38,86.5,4099.37,1
55.75,37.24,41.96,44.86,34.96,809.22,7.98,1053.8,9.42,10.62,120.01,5450.78,1
87.17,58.14,41.89,48.5,42.0,1030.93,7.23,1355.63,7.78,3.05,170.6,3582.83,1
85.19,81.03,35.57,48.64,37.49,956.22,8.62,1373.53,0.75,21.85,65.08,6753.44,1
81.89,84.59,40.77,58.09,35.64,1164.51,7.23,1613.66,13.55,12.15,196.36,4588.12,1
51.63,38.28,17.66,58.04,24.81,742.41,8.48,1050.75,12.49,2.48,51.23,3872.38,1
63.64,30.0,40.95,54.8,35.39,822.91,8.15,1073.26,3.03,12.82,125.44,8542.93,1
61.84,79.85,24.62,29.44,30.19,1172.48,6.96,1593.12,6.49,19.41,186.56,3471.01,1
66.21,54.96,20.35,54.73,28.22,713.24,8.94,1030.12,11.67,17.45,191.31,4486.93,1
53.94,47.81,22.18,31.84,25.39,1041.92,7.04,1368.81,14.71,16.02,77.14,4367.18,1
92.16,30.9,27.54,28.83,41.7,721.52,9.17,925.06,14.29,4.79,63.04,3308.99,1
74.92,67.82,22.54,85.29,28.67,701.28,6.52,948.26,13.54,15.15,155.9,3131.08,1
63.75,89.58,24.62,62.35,31.02,1112.25,7.21,1476.58,2.8,17.33,46.72,3767.85,1
67.86,97.03,19.05,66.16,27.48,409.8,7.04,525.33,13.76,13.45,117.64,7981.77,1
70.12,69.6,23.89,48.13,30.22,606.3,6.54,865.63,13.24,19.85,167.42,7253.12,1
77.03,66.01,32.17,83.63,34.88,469.01,8.48,679.19,5.97,7.54,129.64,6607.5,1
73.21,35.95,28.26,64.66,31.58,630.93,8.37,860.41,6.22,6.84,70.08,4928.27,1
91.37,68.42,25.4,73.84,37.88,476.45,8.64,669.38,7.17,19.39,117.93,5308.15,1
72.36,56.6,37.39,45.8,38.96,895.29,7.19,1272.93,10.01,14.51,187.4,3503.54,1
94.65,72.5,41.81,87.2,42.0,1157.8,7.7,1609.58,4.28,2.03,138.75,2057.37,1
88.31,57.21,37.7,77.43,40.48,1143.94,8.28,1440.02,0.83,9.06,155.44,3982.8,1
59.38,46.82,24.96,79.78,26.61,637.4,7.69,816.85,2.55,19.16,93.8,5216.88,1
91.88,36.65,37.33,32.05,42.0,1386.51,8.38,1752.83,6.88,2.55,70.16,1929.85,1
55.24,52.04,19.56,38.97,29.97,912.63,8.21,1142.58,4.59,2.06,80.9,2161.75,1
86.79,36.77,18.91,39.99,32.55,679.28,6.81,890.67,11.59,7.63,125.31,3472.69,1
67.13,42.38,25.37,38.96,29.91,1202.65,8.61,1597.68,2.05,20.28,84.84,4253.1,1
89.51,99.11,39.23,79.88,39.99,1075.85,8.45,1396.67,13.8,20.03,126.71,4449.88,1
89.06,61.09,22.39,22.23,34.12,1099.13,8.27,1388.11,13.48,12.38,153.25,2384.15,1
86.27,67.23,16.9,25.33,26.99,435.37,6.92,590.35,13.68,13.06,157.5,3193.66,1
85.55,91.15,18.95,39.17,33.83,761.99,7.22,994.14,11.22,8.64,66.35,3462.35,1
63.71,99.69,40.76,33.99,33.5,1234.19,7.56,1739.24,2.05,6.87,160.07,2007.26,1
53.64,70.79,34.01,36.23,27.09,804.85,7.26,1007.35,6.85,18.3,147.63,3945.75,1
68.13,86.87,22.6,75.86,31.45,1020.14,7.12,1447.08,2.41,4.13,41.92,2041.66,1
57.81,52.89,31.66,59.42,28.37,905.52,8.67,1304.81,14.82,11.75,49.42,6775.93,1
81.27,51.4,30.83,20.4,35.43,1210.83,8.22,1686.96,5.33,14.69,143.4,4395.36,1
65.57,58.19,34.66,50.05,36.46,541.47,8.03,756.29,8.99,4.07,101.39,3950.64,1
93.9,77.08,22.0,48.55,33.36,890.57,7.11,1279.49,11.8,12.39,63.38,2448.92,1
78.84,77.75,40.93,27.98,35.97,347.88,8.98,449.4,13.85,13.55,47.1,3198.78,1
87.01,52.07,24.28,67.33,35.79,1028.25,7.02,1489.85,11.46,16.85,65.5,3245.29,1
55.96,39.32,35.82,69.15,33.83,1078.36,8.65,1514.77,10.28,6.7,193.2,8889.03,1
88.79,74.27,15.48,70.46,29.47,251.4,9.11,350.79,7.26,7.87,156.41,7765.12,1
91.52,38.98,26.18,70.99,37.86,1010.95,8.46,1336.7,9.28,13.39,124.43,1614.47,1
71.92,70.49,25.55,20.0,33.08,697.63,9.18,948.19,1.87,21.66,190.65,6126.27,1
77.28,78.54,31.3,86.77,31.16,348.92,8.26,481.78,13.32,6.35,139.06,3419.33,1
84.42,79.04,17.18,76.99,33.71,703.89,7.09,967.19,8.38,21.72,156.1,2282.83,1
57.87,82.74,38.7,83.28,34.77,433.08,7.05,602.41,1.08,16.29,85.22,6792.0,1
72.62,91.1,21.53,21.1,30.07,698.67,7.38,884.85,13.84,18.52,134.24,2487.04,1
67.94,65.0,35.31,85.37,36.85,661.21,6.52,873.54,7.59,3.79,62.96,4828.06,1
56.59,81.12,39.1,76.69,35.1,1086.07,8.34,1451.86,13.09,8.01,104.72,6241.24,1
66.54,73.34,31.86,78.61,32.99,1129.06,7.23,1470.18,12.92,3.15,45.32,5658.71,1
53.07,43.06,37.23,26.53,30.39,928.43,8.7,1192.6,12.33,9.43,74.66,8832.22,1
51.16,31.8,34.86,71.71,28.04,227.22,7.47,290.34,1.39,21.63,51.98,7393.07,1
56.08,49.92,25.67,87.19,27.93,1317.23,7.8,1743.06,4.08,4.11,102.04,7306.45,1
93.34,61.01,39.27,67.5,42.0,1023.48,9.11,1380.36,13.2,13.25,174.89,4166.97,1
74.73,73.2,23.84,59.94,31.38,241.03,7.15,304.33,13.54,2.12,100.47,1562.97,1
93.46,89.5,32.14,86.19,35.22,1182.6,8.45,1702.11,7.14,16.25,173.06,7008.08,1
69.46,43.74,37.36,51.01,37.98,440.32,8.54,617.79,6.88,5.94,145.04,8997.99,1
64.03,38.79,26.37,61.95,30.62,895.07,7.1,1249.66,3.04,4.59,121.52,4544.09,1
72.78,97.44,24.08,53.34,30.86,759.96,7.85,976.23,14.54,8.74,77.9,8891.39,1
69.78,37.56,28.78,85.3,34.23,703.81,7.45,964.75,3.59,17.42,187.54,2562.81,1
54.75,63.49,39.54,25.33,35.58,1267.66,8.58,1718.87,3.27,4.13,48.67,3723.84,1
78.84,70.99,42.9,55.08,34.12,724.83,8.18,1048.47,10.08,6.6,150.23,2780.45,1
59.72,67.9,31.35,68.09,31.77,290.41,7.79,406.44,4.02,2.17,139.4,5063.82,1
77.88,36.02,34.84,75.43,33.81,1335.97,8.6,1823.8,14.11,21.37,110.57,7477.36,1
79.26,33.99,42.1,60.81,40.55,1304.64,7.13,1852.8,0.66,13.84,78.45,4054.96,1
56.84,37.38,17.96,83.62,25.75,1021.32,8.53,1308.33,0.58,16.4,108.91,8296.72,1
52.76,70.99,21.96,85.94,27.15,761.47,8.84,954.16,7.82,15.03,179.64,5586.23,1
85.13,68.1,36.27,24.5,37.98,311.43,8.87,432.28,7.58,4.89,173.88,4990.68,1
70.69,46.36,39.71,48.17,32.83,1148.9,8.62,1458.71,2.87,13.9,190.62,7402.77,1
52.62,74.64,40.71,21.64,31.5,290.57,7.6,369.93,7.67,4.63,89.25,2260.83,1
94.77,87.4,27.45,43.06,39.11,282.32,9.15,394.95,6.47,10.02,101.94,7303.14,1
52.6,32.91,17.68,57.58,26.37,844.86,7.52,1101.79,13.41,13.38,43.0,3322.14,1
81.28,64.87,28.13,83.76,32.82,392.15,8.22,539.5,0.63,13.18,190.87,3606.09,1
94.27,78.25,21.92,79.26,38.29,209.28,6.93,299.99,14.66,4.38,92.7,5995.9,1
60.76,47.66,23.74,28.92,27.2,707.74,9.15,929.47,9.55,2.69,104.67,8264.51,1
56.4,51.54,38.17,26.51,33.18,364.66,8.4,471.66,2.7,17.96,185.25,5838.05,1
55.46,72.95,17.27,61.25,23.89,392.62,8.53,499.14,1.18,16.52,124.26,6367.12,1
63.65,92.86,39.83,57.25,35.22,292.29,6.68,372.99,8.3,3.64,130.59,7324.46,1
54.55,86.69,27.83,38.65,30.16,446.11,8.56,563.19,3.91,4.55,68.2,3444.94,1
81.15,70.82,32.88,82.96,34.34,1058.58,8.59,1341.78,4.87,19.85,119.79,7704.25,1
52.8,81.12,17.69,84.92,23.03,1170.71,8.31,1564.54,4.05,17.38,186.91,4634.7,1
72.92,55.54,25.12,48.18,32.39,743.04,7.29,976.48,9.93,21.92,129.39,2817.42,1
94.85,74.87,17.69,82.32,39.71,807.86,7.82,1123.99,8.53,7.08,80.82,4125.89,1
86.63,62.63,43.85,46.88,40.28,239.19,6.8,340.61,1.63,11.76,44.99,3345.98,1
77.68,43.3,39.22,71.58,42.0,283.18,7.77,398.42,8.13,6.73,93.81,3215.35,1
63.78,79.12,28.79,53.32,35.03,509.08,7.16,690.38,11.97,14.46,131.61,3619.22,1
78.08,68.95,21.71,28.58,31.92,852.68,7.44,1083.32,1.68,4.31,46.82,2856.98,1
73.72,55.1,43.0,84.96,37.88,1087.46,6.94,1513.7,13.4,4.54,137.57,6507.76,1
69.17,93.79,25.34,51.79,29.78,926.0,7.12,1224.7,8.89,3.44,123.75,5849.94,1
55.88,31.47,19.83,71.41,25.77,670.55,6.71,849.68,14.28,15.87,165.35,6363.31,1
89.9,52.1,31.89,45.7,35.82,341.99,8.98,485.11,2.65,11.88,44.62,4077.94,1
70.24,33.98,43.31,21.32,37.57,1136.93,7.93,1498.07,14.91,14.35,164.94,7273.0,1
58.76,83.66,15.11,27.04,27.97,636.54,7.57,823.46,9.84,19.59,123.34,2472.07,1
66.55,79.15,22.14,54.74,28.17,1083.26,7.94,1542.88,8.73,16.81,99.28,5783.53,1
68.64,53.19,43.15,68.3,36.78,815.57,8.2,1166.62,7.97,11.23,194.46,3565.9,1
87.24,77.3,20.13,43.43,30.45,1086.39,8.99,1431.64,0.84,21.69,65.62,5457.07,1
83.01,57.72,18.4,68.68,32.94,1288.75,6.98,1702.38,14.12,11.13,126.61,3927.28,1
84.62,82.94,32.11,68.9,37.92,1305.24,7.3,1782.85,9.84,4.25,91.36,7428.84,1
50.5,61.79,40.86,69.28,32.05,842.13,9.13,1176.19,1.83,21.85,124.4,8184.54,1
68.73,58.86,29.31,54.48,32.01,813.81,7.5,1027.54,0.8,2.46,128.36,7069.36,1
71.66,95.43,44.84,84.04,38.02,518.81,6.56,710.08,1.24,13.0,54.31,2816.88,1
50.86,47.56,35.38,54.24,31.1,1322.96,6.9,1905.81,9.34,8.18,145.78,3561.5,1
61.69,38.43,17.22,51.52,26.39,749.5,6.57,976.17,9.4,12.07,141.52,8395.19,1
84.21,70.92,44.78,33.96,42.0,353.11,9.17,505.57,7.75,13.17,163.11,4779.15,1
56.17,97.85,27.24,41.54,29.01,719.25,7.25,1035.74,4.95,6.8,54.51,8558.85,1
74.09,56.45,23.62,22.96,34.04,352.46,8.99,459.55,8.21,13.14,87.56,4443.39,1
59.68,34.34,31.74,64.35,32.38,803.04,9.19,1124.93,7.99,17.12,144.02,8638.31,1
50.55,53.75,24.13,37.4,26.47,873.53,8.12,1133.63,0.78,7.33,61.88,8443.04,1
60.85,65.42,17.59,41.29,29.41,605.31,6.59,845.93,4.6,9.67,148.42,6453.95,1
93.91,41.33,15.04,73.96,34.58,285.98,6.72,403.09,1.27,7.36,49.44,1566.2,1
86.07,76.07,28.49,42.91,39.1,1332.2,7.8,1731.12,13.55,18.41,93.59,4502.51,1
93.18,99.84,40.11,36.95,42.0,1128.02,7.6,1571.53,11.02,16.5,175.47,8334.26,1
71.95,61.62,32.17,31.83,30.56,1206.66,8.14,1704.31,14.94,19.42,163.89,8138.33,1
54.94,54.83,44.98,74.24,37.09,640.24,7.68,846.22,4.88,5.4,143.16,2905.41,1
74.66,58.05,23.61,29.08,32.2,1113.0,9.02,1428.58,13.24,3.47,179.27,4493.87,1
70.45,38.06,23.41,51.76,30.7,782.45,7.94,992.45,9.24,4.39,153.48,7766.32,1
88.0,91.83,19.79,55.49,34.49,441.3,8.37,602.41,7.07,5.22,123.1,5834.08,1
54.41,59.04,19.92,68.12,24.89,349.31,8.92,504.97,3.73,12.66,196.75,7854.74,1
71.97,57.11,23.56,64.33,31.69,614.06,6.9,868.64,11.21,21.42,151.18,7699.26,1
56.75,76.18,38.79,76.75,31.58,365.06,7.12,488.15,13.61,9.14,136.22,8306.12,1
64.61,60.94,42.17,23.13,38.46,1397.92,6.79,1897.43,3.91,21.17,105.42,2379.15,1
83.18,75.38,44.25,40.75,41.06,259.03,6.88,338.26,3.04,2.76,184.39,2589.11,0
71.42,34.3,21.97,39.61,29.78,729.37,7.88,935.5,10.6,20.54,87.31,2121.07,1
66.91,86.96,41.44,30.22,34.38,742.51,7.37,999.73,14.67,5.62,41.48,8514.52,1
67.75,95.84,24.85,40.24,31.17,560.76,7.64,752.93,11.37,20.25,71.48,5063.72,1
70.68,75.41,18.39,41.68,29.48,885.62,9.15,1199.47,4.63,3.12,57.52,1982.44,1
85.33,96.82,41.1,56.53,41.49,379.97,6.92,547.37,6.59,20.96,91.04,3911.47,1
90.14,40.6,34.08,66.46,37.41,1140.69,7.96,1563.64,6.07,6.02,172.14,4135.59,1
92.99,63.42,19.94,46.68,32.02,598.94,6.77,821.24,12.86,8.05,144.24,7571.7,1
85.41,72.13,27.89,70.36,37.37,909.61,7.36,1160.3,11.68,11.82,67.04,7016.08,1
64.19,70.72,23.62,43.53,32.28,1058.77,7.92,1534.47,9.04,9.61,166.21,6670.4,1
80.97,58.1,37.1,40.32,36.18,1266.85,9.06,1779.38,4.49,15.35,120.68,1663.98,1
69.69,53.67,28.6,57.88,35.61,1202.94,7.56,1714.73,14.1,21.5,122.03,8330.22,1
61.46,38.88,44.68,21.66,36.57,929.97,6.68,1239.52,9.97,14.13,97.94,3116.66,1
87.84,57.42,16.64,25.59,32.77,666.07,7.55,899.48,14.57,16.43,178.34,6217.96,1
51.73,41.39,25.65,49.26,26.11,803.85,6.89,1088.74,8.91,3.76,90.93,1963.64,1
90.58,81.41,29.46,86.0,35.19,1122.48,7.12,1446.68,12.41,14.56,55.06,2111.45,1
70.77,44.62,30.09,70.51,35.2,1253.05,8.17,1739.11,12.29,11.08,88.44,1571.83,1
78.67,34.1,24.48,26.17,31.68,324.54,6.68,464.28,5.39,19.72,154.46,5744.46,1
79.67,68.67,36.88,79.24,36.27,661.83,7.75,848.95,14.48,9.76,145.21,6220.35,1
90.28,71.67,41.24,71.26,42.0,1131.34,8.15,1433.71,0.82,15.59,70.08,1878.47,1
78.65,91.03,43.16,62.77,36.0,717.98,7.64,1003.48,11.65,6.56,57.89,3678.64,1
77.63,70.39,39.15,77.42,35.06,598.67,6.55,781.05,14.5,7.19,145.74,7885.91,1
53.0,54.18,40.52,48.29,32.39,693.59,9.16,953.52,5.41,9.52,148.22,2259.81,1
73.33,86.21,31.52,35.51,34.95,923.41,7.49,1282.76,9.9,8.08,98.58,3124.1,1
56.76,67.82,39.78,55.84,34.08,1399.77,8.6,1839.83,8.65,7.08,174.85,4682.93,1
83.18,35.55,24.11,58.42,33.63,791.59,7.38,1118.54,11.54,2.99,196.51,7817.06,1
73.05,69.61,26.95,57.68,37.76,450.19,7.78,612.26,13.06,18.73,72.9,3411.37,1
80.61,93.56,24.51,59.56,33.27,395.42,7.55,562.99,9.24,3.29,132.33,8978.53,1
51.88,57.74,29.02,86.41,27.66,250.82,7.42,351.81,12.33,19.75,40.86,4164.46,1
53.82,50.74,23.57,83.16,25.11,870.58,6.56,1239.46,5.03,4.51,154.09,4398.36,1
82.23,40.04,43.85,81.3,41.15,853.49,7.47,1070.3,3.81,3.31,106.29,2415.8,1
53.24,40.6,24.39,76.1,28.08,446.28,8.9,579.59,6.74,13.26,70.92,6601.48,1
53.21,60.29,17.94,86.04,26.99,1034.4,8.36,1311.61,10.33,12.05,160.36,3325.99,1
50.54,71.7,30.8,26.89,25.44,1089.33,6.89,1457.98,3.22,11.82,169.7,6216.51,1
93.04,35.64,16.71,38.56,33.62,510.92,8.1,729.59,10.37,13.49,57.79,3173.68,1
83.19,95.77,18.32,54.65,33.1,612.92,8.91,823.46,6.21,7.74,46.56,4409.04,1
65.9,82.86,21.58,79.26,30.2,1388.57,8.39,1971.68,12.04,15.26,93.45,7925.04,1
63.34,71.06,28.93,55.36,30.97,649.12,6.9,853.87,1.03,12.05,140.16,7041.79,1
65.74,87.99,28.0,72.36,32.32,1112.96,8.84,1466.79,10.19,8.69,166.95,2659.43,1
84.86,35.61,38.99,29.73,38.24,743.27,7.31,1062.22,9.92,18.53,127.37,6057.81,1
79.76,63.38,37.18,37.67,41.07,1152.01,7.73,1538.13,14.14,16.55,132.92,6214.8,1
58.33,74.11,27.79,71.22,31.3,1122.83,7.92,1580.89,10.84,9.87,167.98,2179.26,1
57.83,88.01,25.01,31.53,25.52,1001.31,8.8,1299.02,12.05,18.95,124.61,4993.54,1
54.43,84.84,24.49,44.59,25.03,1225.73,9.02,1764.76,13.62,20.41,137.78,3455.01,1
79.71,49.39,38.22,38.54,36.21,1327.06,9.01,1811.33,10.29,12.74,122.59,5003.48,1
84.4,95.86,16.56,44.49,33.25,895.98,6.52,1256.04,4.71,6.3,180.87,7328.03,1
61.93,38.7,15.38,69.58,23.3,484.96,8.99,614.89,13.11,20.32,77.68,2686.95,1
50.94,91.26,38.87,45.75,30.68,678.35,6.65,914.78,11.34,5.79,82.24,2424.78,1
53.7,97.97,29.31,58.87,29.59,1109.97,7.22,1587.48,6.65,2.97,60.47,3519.87,1
93.55,42.4,18.93,27.0,34.88,981.06,7.89,1398.41,10.8,8.55,171.11,8642.07,1
63.3,80.54,22.07,76.35,29.06,413.36,7.8,520.57,13.08,16.54,105.88,7108.68,1
84.62,32.82,42.98,45.89,39.06,261.49,8.13,342.74,14.65,20.47,95.66,1645.92,1
78.11,58.38,40.79,65.4,39.99,1019.55,7.79,1364.84,14.31,14.75,197.02,4507.54,1
67.19,66.14,36.29,70.78,33.27,501.29,9.02,643.89,5.22,21.04,188.29,3430.48,1
59.26,70.65,29.47,34.68,29.48,799.6,7.15,1116.25,6.61,3.85,195.52,6286.08,1
55.46,95.52,30.61,81.93,30.05,1096.1,7.24,1410.57,2.09,3.22,62.77,4944.69,1
77.68,77.06,44.26,63.14,40.12,875.2,8.99,1154.68,4.09,14.08,182.6,8733.74,1
84.86,63.69,43.97,50.01,41.65,299.96,6.71,414.75,13.3,21.32,92.59,3142.34,1
78.98,86.68,21.46,32.76,30.75,422.7,8.15,569.13,5.73,12.05,42.03,5908.92,1
73.86,96.54,39.33,85.96,36.63,463.19,8.34,647.41,9.5,3.03,102.61,6751.58,1
51.89,31.54,20.92,72.85,25.3,509.44,7.86,734.73,10.16,6.42,121.47,7691.73,1
93.58,98.78,21.41,34.56,33.14,878.48,8.37,1118.58,11.84,6.9,57.32,4552.28,1
85.94,36.03,35.28,43.64,37.91,804.76,6.97,1120.15,3.15,8.76,126.03,6651.91,1
63.18,87.01,27.15,76.68,31.07,443.79,8.8,575.19,4.92,2.87,171.11,3774.01,1
94.1,49.62,42.95,68.7,41.0,281.07,6.88,374.63,7.0,20.1,100.42,4766.07,1
77.08,39.25,17.67,73.6,32.77,405.72,7.58,509.81,5.79,12.31,96.42,8217.2,1
76.21,60.79,30.35,50.88,37.21,1381.26,6.7,1764.12,14.75,15.42,94.21,8624.31,1
83.66,75.08,42.56,70.15,38.32,762.26,7.97,1001.57,12.61,3.34,187.7,6891.13,1
86.53,56.67,42.12,47.05,42.0,1240.81,8.31,1635.89,7.46,3.08,47.8,4307.64,1
79.54,33.82,19.7,34.79,31.49,1218.5,9.04,1742.36,13.25,13.73,111.21,7650.43,1
55.76,71.96,26.0,64.29,28.88,813.82,8.5,1138.02,5.54,19.75,82.34,1694.0,1
65.22,93.17,33.57,88.32,32.06,1048.03,7.96,1513.81,11.89,12.57,183.01,2270.59,1
91.76,56.83,19.78,41.74,36.71,431.3,9.02,590.8,3.74,19.56,55.37,6460.3,1
60.11,45.14,44.04,52.27,36.25,1026.08,7.79,1332.2,11.7,18.22,105.83,3684.36,1
66.75,60.98,42.44,67.18,34.91,526.86,8.02,693.1,7.12,3.52,105.09,8635.4,1
69.44,33.39,20.01,57.91,27.03,1198.47,8.11,1574.76,2.06,6.04,182.14,4770.45,1
69.77,87.43,18.63,79.04,26.04,300.47,7.61,395.21,4.46,15.15,74.48,4720.24,1
77.58,87.84,17.56,73.32,30.92,1127.77,8.76,1561.5,6.33,10.87,143.18,6585.6,1
92.44,71.16,42.28,24.08,42.0,319.92,7.0,433.87,11.36,7.81,61.5,7256.76,1
60.83,54.72,20.81,89.89,28.79,1257.43,8.0,1668.71,1.56,10.37,192.64,5066.69,1
55.47,85.98,27.49,72.67,28.25,565.05,8.45,723.16,10.06,10.9,134.88,3105.01,1
58.89,68.83,28.47,80.47,27.37,985.27,8.94,1235.95,10.88,20.21,140.2,7299.81,1
89.91,87.82,32.97,65.58,37.65,785.0,8.89,1015.61,9.98,4.07,109.4,3902.63,1
79.06,74.2,17.15,79.94,33.07,639.56,7.87,813.2,11.53,7.59,94.77,2813.33,1
62.87,84.91,21.8,27.87,27.38,974.53,8.24,1371.25,3.08,12.75,74.03,6237.3,1
86.72,71.9,42.94,44.34,42.0,1337.03,7.56,1701.37,9.01,15.97,136.64,2178.4,1
88.76,58.99,42.25,81.35,39.83,249.52,7.76,348.05,14.15,14.61,192.73,8785.15,1
88.09,97.06,38.44,34.12,41.15,1302.62,8.95,1728.75,9.36,20.83,97.57,6242.98,1
91.35,67.88,15.58,25.48,32.38,930.9,9.01,1177.28,9.36,17.91,181.31,8894.22,1
61.35,72.36,24.81,75.17,31.11,1168.78,8.92,1650.95,11.18,13.14,63.8,4041.7,1
83.98,45.43,33.84,78.48,39.38,660.65,6.87,902.4,5.33,6.29,189.78,8784.04,1
70.72,73.8,23.26,31.39,29.83,766.21,8.8,993.89,10.66,11.02,96.08,2591.72,1
87.89,70.01,42.29,79.8,41.52,1242.62,9.06,1775.63,13.79,15.87,100.76,1805.21,1
82.78,42.94,34.02,68.07,36.5,697.82,7.48,878.59,0.66,18.76,114.05,1747.38,1
84.94,34.17,17.16,56.41,29.4,841.59,7.9,1085.96,13.12,21.19,154.92,4986.53,1
79.53,72.31,42.27,78.12,37.96,224.23,8.6,314.02,3.67,14.11,155.14,2122.53,1
57.98,83.46,43.73,49.35,35.2,390.32,8.02,543.27,7.11,12.54,116.73,5341.26,1
74.53,66.64,17.33,33.58,30.35,970.02,9.18,1268.65,12.86,2.35,123.7,3956.25,1
94.31,45.87,30.97,39.94,39.71,1060.37,7.73,1338.62,12.45,3.44,44.8,4017.22,1
92.18,76.66,24.1,55.36,35.88,899.12,8.43,1278.2,13.43,5.12,88.69,6267.07,1
51.94,35.61,26.79,57.19,29.23,371.97,8.64,488.3,14.14,3.1,95.36,2723.24,1
57.42,60.93,20.39,76.39,26.62,734.49,7.83,946.86,6.98,10.02,129.4,7249.15,1
55.93,41.44,32.34,75.39,31.71,626.11,8.81,847.26,10.02,8.74,129.33,5865.23,1
82.67,42.91,43.74,60.7,37.43,794.79,7.97,1138.18,6.16,14.75,153.58,8362.08,1
86.8,44.16,30.09,74.65,29.39,1244.39,7.61,1566.33,5.59,12.71,154.72,4236.3,1
59.61,57.07,17.49,33.42,26.59,1131.03,6.79,1587.02,6.76,13.92,77.63,8870.36,1
72.76,33.58,33.6,23.5,32.1,300.79,7.56,410.42,11.27,11.44,163.23,5818.71,1
87.83,57.85,25.21,81.15,35.36,1268.37,8.48,1693.39,7.77,7.55,43.14,8800.51,1
82.98,65.82,40.68,25.29,39.38,766.12,8.99,1071.66,12.3,21.06,154.59,1702.95,1
74.4,63.83,28.04,37.27,36.59,1092.63,7.18,1576.85,11.31,3.73,56.33,6959.82,1
76.57,56.79,20.79,68.67,32.22,368.05,7.46,476.93,0.8,20.78,156.74,7624.66,1
72.88,88.74,20.73,48.66,30.81,1004.86,6.92,1284.95,9.64,8.22,124.34,1898.8,1
63.39,40.17,38.06,81.34,35.84,483.59,8.36,692.78,6.83,12.25,109.96,5842.27,1
75.43,65.4,22.97,40.86,32.63,726.06,9.09,1004.71,7.12,4.18,150.51,7514.57,1
81.0,34.34,38.02,20.83,37.64,220.24,8.23,294.59,12.37,3.42,45.82,5707.79,1
89.3,34.98,21.18,41.05,36.88,381.93,8.17,521.21,8.44,10.59,75.76,1978.6,1
78.63,70.17,24.65,60.47,31.07,310.5,7.99,434.42,13.34,16.83,138.63,6700.85,1
84.25,69.62,28.96,46.32,36.85,487.69,6.74,685.02,10.84,7.39,175.55,1954.48,1
57.2,91.46,43.3,57.44,31.36,320.02,8.47,458.9,8.52,13.25,100.98,7631.02,1
70.77,69.05,42.95,81.36,38.13,1030.29,8.13,1375.82,11.44,7.57,81.4,1822.76,1
50.42,97.19,21.21,83.87,25.41,234.85,8.29,307.34,1.06,9.77,123.0,2530.48,1
61.1,33.41,25.75,38.62,32.64,941.29,8.93,1297.03,0.89,20.13,139.57,3563.31,1
82.69,36.86,19.48,52.35,29.36,368.85,8.62,491.73,1.71,19.12,107.22,6250.24,1
94.63,33.08,30.3,58.44,38.06,1334.19,8.61,1826.4,6.84,12.32,180.27,8822.69,1
54.46,42.97,28.82,86.44,30.35,1319.71,9.0,1760.49,3.91,6.76,123.75,2383.67,1
68.07,67.89,42.02,89.9,37.4,470.6,9.17,602.65,14.77,5.86,45.73,2570.31,1
86.0,75.19,42.9,36.48,41.88,937.31,8.07,1259.63,8.36,21.08,75.69,4266.53,1
59.18,33.19,26.51,70.89,27.16,233.61,6.79,324.29,10.11,6.05,112.1,7771.64,1
74.98,96.22,29.75,46.46,32.98,1318.15,7.74,1858.4,4.54,18.16,151.64,5004.23,1
82.99,88.95,41.89,20.57,42.0,827.58,8.63,1116.13,5.17,9.38,75.16,3912.08,1
77.72,50.76,39.2,20.65,38.05,251.87,6.57,323.16,5.36,21.71,196.2,5709.03,1
58.46,35.4,15.11,52.24,25.65,611.0,6.65,814.42,10.63,9.36,90.97,3453.92,1
65.99,41.89,24.6,54.18,29.88,292.22,6.68,411.23,7.37,9.03,125.2,4508.7,1
85.27,38.89,27.65,21.58,33.63,671.53,8.47,894.87,8.01,14.75,43.03,3994.54,1
74.94,38.63,21.89,68.08,33.26,1003.91,7.85,1394.74,9.08,21.23,181.58,7531.06,1
50.24,66.3,20.99,40.58,25.91,763.87,7.5,1032.32,11.65,21.52,166.21,8431.92,1
84.24,47.21,16.13,59.19,36.32,660.47,6.79,857.45,1.81,16.14,71.27,7196.79,1
51.59,55.07,34.3,41.06,27.87,342.99,8.48,483.35,11.76,17.09,189.32,4793.13,1
83.56,99.27,22.88,31.7,35.54,493.93,7.37,625.73,8.67,13.27,90.53,5282.51,1
59.11,77.9,16.57,48.5,22.95,320.17,7.22,433.83,10.2,17.12,150.75,2438.05,1
93.11,96.43,21.93,36.26,36.27,1169.0,8.26,1510.09,5.25,19.2,171.04,7101.49,1
66.56,39.98,39.06,57.44,37.26,362.29,8.01,457.72,6.44,11.72,158.55,5973.57,1
64.71,56.75,40.54,33.92,31.22,914.45,7.48,1235.04,3.85,14.4,186.81,8268.3,1
56.7,68.83,29.49,55.59,29.09,611.29,8.23,825.19,14.7,12.75,178.28,3004.58,1
63.75,35.37,27.48,31.02,29.43,471.17,7.23,655.58,7.71,13.25,199.14,7197.95,1
89.45,30.29,44.34,66.97,41.48,967.36,8.65,1353.29,14.94,19.8,69.22,6635.04,1
94.84,76.93,21.02,72.78,36.84,748.4,7.12,1044.44,7.6,9.11,88.76,3493.84,1
66.57,74.93,21.46,27.73,31.4,680.17,6.93,905.93,3.69,6.16,141.8,6505.34,1
70.19,58.76,23.76,52.75,30.59,911.42,8.61,1254.43,7.86,11.13,157.29,8432.8,1
82.49,64.28,20.18,24.96,33.1,789.52,8.41,1078.0,1.07,6.16,125.54,8388.27,1
89.88,59.08,26.38,61.87,36.93,564.18,6.99,752.79,13.62,11.97,51.83,6897.2,1
76.69,31.68,42.33,38.51,38.99,870.87,6.81,1192.61,12.37,20.07,174.66,1860.55,1
67.62,53.48,33.46,56.93,31.44,1003.4,8.76,1444.34,11.02,14.35,193.74,8041.98,1
68.57,42.4,27.36,56.22,33.93,232.03,8.6,298.99,9.34,19.11,104.88,6433.34,1
81.3,36.89,43.03,84.7,40.98,759.05,7.38,1086.31,8.91,5.32,75.97,3828.26,1
50.14,96.97,16.45,58.44,24.08,269.22,8.28,339.4,14.95,20.02,43.09,2904.38,1
77.88,71.96,21.31,60.81,30.32,423.69,6.84,555.74,4.53,14.04,77.97,2371.53,1
66.0,81.01,31.98,48.12,31.77,872.61,7.87,1141.05,11.81,2.64,151.99,1876.78,1
85.74,52.08,33.47,86.44,37.8,1239.43,6.55,1704.55,8.93,14.66,185.85,7155.77,1
54.18,57.52,16.19,74.4,21.14,1259.37,7.56,1607.26,14.65,21.03,54.96,3268.82,1
76.47,46.58,27.09,39.98,30.22,283.93,6.7,405.02,12.5,3.58,128.52,1681.9,0
71.64,36.79,34.47,79.09,33.78,702.93,7.78,995.14,14.98,13.65,151.28,4479.53,1
78.9,42.53,35.94,50.27,38.35,899.61,7.64,1241.83,9.03,20.31,84.22,5119.55,1
52.92,85.83,34.14,78.01,28.87,376.48,7.7,505.12,3.47,2.19,131.18,2769.23,1
76.1,77.43,24.62,77.6,30.6,1118.52,6.62,1606.85,7.8,14.62,154.44,1830.36,1
75.27,68.29,17.81,33.22,28.42,1093.08,7.48,1547.97,10.81,11.5,174.04,2918.44,1
75.23,63.26,27.81,69.08,32.63,1284.01,8.54,1733.24,11.73,8.94,112.4,6593.27,1
77.16,94.57,18.86,40.35,30.18,210.18,7.5,292.23,0.51,14.55,159.66,2116.83,1
80.44,35.09,43.43,40.82,42.0,460.02,8.43,627.19,7.82,3.05,88.29,5662.78,1
86.22,49.64,29.26,40.74,38.9,1192.62,7.5,1631.02,3.91,17.06,74.09,2598.09,1
62.14,54.5,24.52,70.79,31.17,1004.7,7.64,1322.38,13.19,2.09,69.97,2967.67,1
87.13,84.77,37.99,36.09,42.0,1273.27,8.02,1709.26,2.72,8.14,97.42,4448.08,1
72.42,99.48,29.94,20.06,31.59,268.62,9.07,339.97,10.16,12.08,45.74,2256.19,1
53.47,46.85,24.3,70.07,24.43,916.36,6.79,1210.94,4.36,9.54,85.28,2799.03,1
52.63,91.2,39.36,31.98,29.72,882.86,6.59,1226.43,5.67,8.15,144.36,4117.14,1
65.04,88.14,41.01,27.31,38.28,242.81,8.14,349.8,14.14,18.62,143.67,3972.52,1
85.32,45.73,35.19,36.63,37.55,816.23,9.06,1177.5,3.99,20.7,51.77,7119.54,1
81.85,57.95,16.41,46.59,28.7,931.42,9.17,1267.8,1.88,19.47,85.99,2060.87,1
85.49,58.68,31.99,53.31,36.71,429.55,7.81,589.05,1.5,12.45,131.13,7953.38,1
73.28,98.48,37.9,23.12,36.11,528.0,7.76,679.61,7.82,19.68,90.97,7621.74,1
69.81,42.66,19.1,87.94,29.67,968.42,8.24,1345.19,9.8,20.42,106.88,7244.94,1
56.64,85.94,21.86,70.12,27.31,761.96,8.0,963.22,5.25,10.18,154.05,3820.29,1
64.77,53.39,41.47,42.62,34.05,1229.62,8.21,1607.03,10.51,7.67,41.48,7671.61,1
69.53,81.16,15.6,42.31,29.22,610.86,8.86,845.23,1.38,3.97,84.22,2871.02,1
53.99,59.4,37.58,51.4,30.37,519.99,8.52,682.26,12.93,11.58,62.78,2433.07,1
59.93,70.49,29.21,63.84,29.89,1381.84,7.84,1741.07,12.34,20.93,60.42,1837.17,1
76.92,88.28,28.4,30.25,35.54,1293.36,7.75,1831.89,14.79,13.22,193.45,8544.83,1
83.1,86.29,15.21,33.23,29.82,234.79,8.23,308.06,14.08,15.35,100.25,3810.08,1
94.93,90.65,39.58,80.16,41.45,1124.87,7.73,1420.29,5.66,4.26,124.33,8382.13,1
91.99,34.17,25.79,37.94,38.21,332.4,7.74,420.47,6.29,4.87,157.41,3544.6,1
78.92,78.44,31.22,46.61,33.94,232.98,6.54,302.96,11.32,11.29,47.59,8306.74,1
68.96,39.8,35.32,80.99,33.83,528.43,6.97,679.36,2.44,21.03,78.56,8279.47,1
78.63,59.11,36.08,66.42,38.4,523.22,7.82,735.04,5.05,9.22,173.14,8427.57,1
85.35,68.4,43.68,43.92,42.0,1183.18,8.72,1555.1,2.22,19.55,177.92,5221.15,1
55.33,58.19,30.94,67.86,30.87,1052.8,7.25,1485.44,7.1,4.41,99.67,7994.6,1
68.45,66.37,26.99,21.38,32.5,1377.93,7.91,1770.32,8.5,14.34,99.98,8630.74,1
87.79,99.76,43.61,71.49,42.0,1053.82,7.43,1421.15,3.56,14.01,161.1,3934.63,1
67.27,39.47,34.26,54.09,31.66,701.91,6.78,973.97,0.89,19.2,87.21,4641.56,1
75.73,77.28,23.94,76.92,32.55,1038.71,9.09,1433.84,10.93,2.07,58.74,6894.3,1
76.45,57.72,18.79,86.82,30.63,1399.35,8.81,1917.43,0.79,5.8,81.21,3752.7,1
58.3,39.31,40.28,84.81,34.32,1052.17,6.71,1509.83,14.61,6.39,101.98,7153.57,1
66.3,41.11,25.87,83.65,30.86,1114.02,8.44,1443.44,3.71,21.0,48.35,2054.19,1
65.05,96.45,34.81,55.85,34.21,1326.04,7.44,1788.49,10.13,5.07,116.59,5426.24,1
51.18,91.57,29.12,45.21,27.37,336.38,9.19,479.95,6.8,2.74,158.4,2417.35,1
51.09,93.49,20.97,52.55,25.23,1045.74,7.32,1323.47,1.37,12.69,122.2,3699.93,1
87.43,99.41,33.05,68.29,35.97,1220.97,7.14,1539.86,7.35,12.57,51.5,3439.69,1
62.29,44.58,16.82,81.88,25.82,1345.25,8.03,1744.34,7.99,18.88,110.42,7791.99,1
73.31,54.88,27.4,34.49,35.7,453.16,8.75,623.83,12.89,20.98,153.42,2951.38,1
63.44,76.85,31.4,84.27,32.49,804.71,7.02,1047.72,11.12,12.77,49.3,7563.36,1
92.33,63.87,28.08,77.06,37.87,1016.67,8.42,1309.51,1.65,20.6,49.58,7454.7,1
61.67,59.29,37.46,88.52,37.32,496.96,6.67,666.8,3.53,16.5,99.3,5241.62,1
69.33,55.05,39.84,81.62,33.56,920.57,8.98,1263.68,5.02,7.29,71.19,3253.82,1
89.27,71.56,38.14,39.6,38.45,509.09,6.72,661.68,2.19,20.57,189.56,3201.72,1
87.89,70.29,16.16,27.42,36.05,600.15,8.97,786.28,7.13,15.35,133.01,4986.93,1
58.37,41.3,20.82,27.86,26.97,729.82,7.83,1001.84,14.77,10.28,85.97,1566.07,1
86.12,63.02,31.1,40.39,36.93,835.03,7.71,1201.73,7.96,15.6,152.76,5485.13,1
70.62,68.74,43.04,62.99,35.32,739.24,9.13,1023.81,11.26,10.03,99.99,8645.85,1
71.73,69.92,40.05,76.3,37.85,791.83,9.17,1113.78,10.4,4.28,61.14,2660.3,1
56.01,44.71,40.28,82.95,34.19,558.31,8.26,738.84,12.82,16.38,77.96,5800.09,1
53.63,81.96,24.1,63.66,24.65,390.76,6.84,509.72,3.63,18.48,142.84,8713.34,1
82.76,31.76,27.88,20.39,35.17,256.82,7.87,344.36,11.43,16.58,48.3,7953.92,1
72.34,54.84,29.12,33.04,32.61,435.17,7.93,614.22,13.28,6.58,83.63,7877.85,1
69.66,84.61,19.72,26.98,29.83,898.33,7.89,1204.9,2.99,21.13,73.33,7663.87,1
82.83,69.47,15.93,45.43,29.04,1143.34,8.04,1622.79,5.53,2.51,72.18,3817.68,1
84.45,48.28,43.41,55.09,42.0,403.1,6.55,583.59,14.57,8.65,149.24,8179.63,1
57.15,78.65,22.22,23.04,28.9,330.27,8.42,417.59,11.82,7.2,172.13,8560.05,1
77.46,69.72,22.2,44.39,31.41,1099.15,8.42,1383.92,4.6,2.96,154.54,5218.44,1
56.09,85.74,17.5,32.54,24.72,566.19,6.81,724.68,8.68,10.11,143.32,4159.28,1
83.81,81.45,42.86,65.29,40.68,1341.8,8.04,1780.4,6.36,14.46,186.63,4606.72,1
79.56,72.71,32.39,52.5,34.67,1057.18,8.03,1349.18,7.6,19.65,49.34,4006.55,1
93.05,64.17,35.01,54.67,39.63,592.11,8.34,843.24,5.65,21.79,66.8,3093.14,1
53.1,39.32,42.35,49.94,32.56,547.45,6.73,686.85,4.55,18.16,106.31,6138.36,1
52.57,48.29,25.37,86.92,30.25,828.44,8.19,1087.87,10.28,11.37,99.59,5719.48,1
62.7,59.34,33.65,35.03,34.34,294.97,7.26,379.61,11.79,16.47,106.89,4969.39,1
61.78,71.95,16.16,56.17,27.97,341.21,7.87,490.09,13.17,18.87,73.03,2218.84,1
61.11,65.96,20.6,71.52,28.23,411.03,8.59,568.82,2.75,11.31,63.92,7476.7,1
90.78,50.17,39.94,58.98,39.44,1129.67,8.41,1618.14,12.43,17.7,121.47,2812.0,1
61.23,30.45,38.0,85.03,33.53,816.63,6.82,1179.59,4.19,11.65,188.49,2359.22,1
62.24,64.74,25.52,46.46,31.43,212.68,8.1,287.0,6.7,9.73,102.72,6173.04,1
84.17,49.99,26.3,52.46,32.73,1008.22,9.12,1307.52,13.57,12.52,46.94,4489.83,1
70.24,81.42,31.01,26.2,34.69,708.43,6.92,912.98,7.09,15.52,152.99,1948.56,1
84.95,31.68,15.01,62.63,36.14,813.02,8.8,1052.53,3.36,16.54,86.58,4166.76,1
52.94,70.94,22.24,40.17,28.14,456.94,8.4,635.93,2.82,9.13,79.22,7288.35,1
71.94,95.9,21.25,31.22,33.25,862.14,8.59,1084.65,7.36,13.43,91.88,6114.37,1
51.51,42.21,22.51,58.12,26.19,1374.98,7.26,1732.85,11.56,20.2,155.81,4220.9,1
52.82,63.02,39.18,57.26,33.85,288.13,7.28,395.21,14.96,21.53,171.01,2938.54,1
90.79,36.4,23.39,25.31,34.45,540.7,8.95,745.31,11.92,6.54,134.09,6238.47,1
56.27,73.8,20.75,68.88,27.92,491.6,7.47,679.9,13.22,5.86,91.6,8156.66,1
73.96,68.54,30.13,63.66,35.34,498.26,6.67,659.88,11.34,15.53,89.68,6347.05,1
68.5,58.52,40.97,33.23,37.04,654.45,8.12,923.55,13.48,10.29,59.89,7596.78,1
65.63,66.5,22.24,52.86,31.82,1181.73,6.84,1603.28,1.61,2.48,189.33,5411.46,1
90.49,92.76,17.36,70.42,32.62,1295.43,8.65,1646.61,13.98,8.94,142.1,6884.78,1
50.98,43.74,25.69,57.06,26.36,442.66,8.23,623.89,6.25,18.13,44.32,8221.7,1
79.87,31.58,37.43,47.68,38.26,851.54,8.86,1226.74,13.86,17.95,145.98,7298.84,1
93.35,90.32,31.52,42.56,37.31,964.28,8.62,1216.93,1.6,11.89,111.54,8323.9,1
75.21,70.4,39.5,62.73,38.08,826.19,6.8,1097.41,10.87,11.45,195.61,4733.55,1
92.16,92.35,43.79,85.74,39.93,720.89,7.53,971.4,11.17,13.59,171.05,8281.65,1
52.35,71.79,38.78,67.02,33.75,430.37,8.59,550.57,14.96,6.39,67.41,6161.75,1
68.85,86.71,33.11,25.23,33.89,785.86,7.63,1118.71,11.65,12.52,155.22,8025.37,1
61.71,60.08,29.8,52.25,29.82,681.46,9.13,890.55,6.05,2.22,117.69,1795.32,1
82.89,82.49,16.2,82.36,29.72,1154.68,8.49,1624.17,8.58,11.51,69.93,6433.89,1
94.16,93.91,44.53,26.61,42.0,1116.33,6.54,1545.22,5.81,8.72,151.8,7859.81,1
61.54,70.05,26.5,89.22,31.04,360.8,8.88,494.15,3.34,15.5,127.58,2806.52,1
79.44,42.65,19.57,86.43,32.8,306.22,6.77,394.55,4.1,14.77,44.86,6463.4,1
58.91,48.82,35.0,25.48,30.57,1289.78,6.88,1669.16,3.72,9.62,143.45,7687.16,1
75.44,43.91,23.53,85.34,30.4,842.61,8.48,1061.24,8.46,2.15,141.6,3659.62,1
70.88,47.28,32.57,45.42,35.43,1229.36,8.84,1595.89,13.64,7.05,63.05,4539.35,1
93.74,51.45,32.6,79.13,38.4,269.78,7.95,355.87,13.73,14.67,95.84,5771.38,1
77.38,68.86,28.37,49.29,34.4,831.82,7.28,1178.38,1.29,3.45,133.74,5393.76,1
65.73,71.16,40.08,50.86,35.71,847.31,7.45,1121.23,1.66,4.15,62.21,1793.92,1
55.13,59.85,22.95,64.4,27.44,1232.84,7.43,1727.12,4.05,14.94,176.44,2240.04,1
56.81,73.08,28.46,74.21,30.88,317.13,7.38,424.29,4.2,17.12,44.4,2253.5,1
60.14,35.71,31.13,22.37,28.4,488.53,7.16,687.36,1.88,8.43,56.45,3467.01,1
61.29,36.15,34.91,61.52,28.72,687.85,8.14,994.11,6.13,11.79,58.58,3343.98,1
88.28,42.03,38.52,33.07,39.42,1239.01,8.93,1608.2,9.02,20.91,124.5,7066.67,1
75.26,66.27,26.84,44.22,36.81,1326.66,7.33,1887.13,8.88,20.91,139.22,5795.58,1
73.55,44.98,34.38,44.36,39.47,1391.27,7.0,1912.11,8.38,8.15,104.6,7229.82,1
55.16,49.83,19.52,52.83,29.28,1351.03,8.76,1909.63,5.41,18.2,86.19,2024.22,1
88.71,58.02,42.98,43.39,41.83,207.13,8.5,285.91,10.74,13.88,169.49,5139.11,1
82.53,86.83,26.49,27.52,31.34,257.25,9.01,343.37,12.48,21.51,50.93,3928.32,1
53.05,30.97,36.89,30.19,26.49,377.13,6.95,488.61,5.52,11.55,84.85,7874.54,1
81.85,75.46,15.61,22.34,29.7,618.63,6.89,781.96,1.74,17.49,46.26,6808.42,1
74.46,76.82,21.16,52.92,30.62,1195.9,7.96,1622.96,4.8,17.36,42.22,8019.44,1
53.68,85.91,29.61,86.81,31.39,1271.19,8.16,1840.76,2.49,11.95,96.54,1848.2,1
70.62,95.29,41.35,28.1,38.86,424.2,7.8,592.87,7.28,17.91,71.17,6906.18,1
71.81,31.41,30.82,86.24,34.19,943.6,8.12,1241.27,2.76,7.22,82.94,5550.06,1
57.46,40.76,42.9,71.34,32.6,1300.83,6.99,1841.25,7.21,4.45,171.35,7687.5,1
92.56,92.03,29.51,64.62,36.55,756.48,7.79,1061.94,3.7,10.5,66.08,5303.7,1
88.25,62.1,29.71,65.17,37.97,324.25,8.28,423.58,11.21,20.87,164.84,5551.57,1
80.11,69.52,18.59,77.87,32.93,749.38,7.67,938.86,0.9,12.01,148.01,1888.26,1
70.8,76.41,39.08,27.48,37.16,650.95,8.33,829.08,8.54,14.71,92.23,6513.92,1
68.53,77.53,22.41,55.33,27.91,893.19,7.72,1273.21,2.96,14.48,127.45,3548.55,1
79.29,95.22,41.99,68.8,40.82,726.39,7.4,1029.52,0.51,4.65,111.11,1647.7,1
74.54,99.79,42.32,61.08,39.3,220.82,7.32,289.06,13.1,9.81,60.54,1998.28,1
52.8,80.41,43.3,78.29,31.21,1392.8,7.61,1820.44,10.24,16.14,185.15,8679.64,1
73.06,50.11,30.61,25.06,32.41,852.25,6.56,1200.45,1.93,21.44,131.14,4095.58,1
86.29,91.58,35.31,68.35,40.31,768.36,8.31,1104.55,10.13,5.36,180.84,8010.57,1
70.67,33.45,38.36,57.38,35.62,1345.54,8.78,1891.6,9.37,10.21,171.81,8697.58,1
52.34,46.18,18.93,46.54,27.89,387.03,7.46,530.67,7.36,3.9,52.76,8574.5,1
85.38,92.82,33.03,43.82,38.91,427.09,6.62,554.58,6.58,6.85,73.16,8112.94,1
59.06,47.93,16.03,63.46,24.4,1169.62,9.16,1585.01,13.36,9.54,63.24,8211.33,1
61.64,45.45,29.93,82.37,30.86,513.0,7.21,665.2,4.05,12.81,172.92,3667.56,1
57.41,39.67,19.65,54.73,26.36,1159.07,6.84,1636.15,6.28,6.61,177.99,2636.02,1
64.86,90.14,20.49,77.73,26.93,525.84,7.5,698.0,5.27,6.55,124.48,6294.47,1
84.05,65.0,25.95,48.15,33.27,239.83,8.49,339.77,11.68,17.56,56.67,5160.79,1
73.37,77.24,27.97,27.17,34.54,820.42,7.29,1088.14,13.79,21.25,61.7,2240.6,1
59.22,46.73,33.7,24.31,33.29,436.02,8.05,616.9,12.82,8.47,170.17,6581.56,1
89.5,83.06,17.23,23.59,34.61,1109.42,7.62,1460.73,12.07,15.76,188.67,5721.45,1
89.58,83.2,30.11,46.61,40.96,969.44,6.82,1297.14,14.81,7.16,71.92,7973.01,1
89.18,51.88,20.48,43.61,33.38,1308.32,7.39,1796.46,10.61,20.56,41.78,6068.88,1
60.75,58.75,32.22,70.26,34.81,1139.59,8.46,1440.5,11.39,15.46,92.95,5804.6,1
70.31,44.68,34.12,72.0,32.72,416.93,8.15,600.23,14.75,18.05,44.88,4805.64,1
94.32,98.36,31.7,23.56,37.65,1160.19,6.82,1583.34,0.6,2.99,172.48,4970.9,1
84.74,75.19,37.15,35.48,35.67,970.08,6.94,1311.13,9.69,13.97,118.64,8657.86,1
51.22,95.42,25.07,39.2,25.69,1002.74,8.23,1421.77,11.22,12.55,142.7,2538.35,1
52.93,51.24,37.95,58.33,30.51,1198.72,8.7,1705.95,13.81,7.86,105.84,4846.64,1
70.88,84.73,27.98,30.12,33.57,888.59,7.44,1203.55,13.32,7.25,95.28,6418.7,1
90.91,83.61,29.53,29.38,38.55,759.2,8.11,1089.8,12.71,13.6,75.55,4747.58,1
74.24,78.42,34.44,86.07,33.23,963.97,6.96,1217.44,14.21,16.13,163.29,3624.12,1
72.4,97.59,15.55,76.29,27.76,557.55,7.34,709.56,8.29,2.66,151.29,3655.18,1
54.75,57.55,34.62,32.65,30.06,419.12,6.55,573.92,0.6,13.35,97.72,3252.42,1
79.56,39.15,33.56,48.46,33.08,939.91,8.57,1241.44,0.66,5.41,91.38,4079.27,1
86.99,77.02,24.3,44.89,33.29,480.62,7.58,645.4,8.4,4.81,40.2,8037.56,1
67.12,81.05,17.57,75.37,26.39,295.9,8.7,389.29,6.81,14.46,50.17,5289.18,1
84.9,70.25,17.73,55.71,35.3,200.67,8.41,267.07,7.04,8.22,139.72,3301.79,1
93.4,44.48,42.7,28.95,42.0,929.98,8.74,1315.49,6.31,10.82,122.34,4383.95,1
59.17,65.31,35.68,71.73,33.6,634.58,7.27,868.54,13.81,9.2,109.57,2293.73,1
73.55,51.85,18.81,47.78,26.97,1102.77,7.0,1598.44,5.71,14.97,172.4,8280.27,1
62.92,59.92,25.7,38.4,32.11,650.21,9.12,915.09,12.92,11.4,120.62,4561.48,1
85.68,75.17,32.77,46.28,40.49,783.2,8.44,1021.87,13.59,21.27,101.52,8852.93,1
75.99,82.17,40.07,54.84,34.02,688.5,8.75,897.03,7.74,9.05,65.8,4106.54,1
78.56,46.26,16.31,44.02,28.94,980.69,6.54,1291.74,6.98,16.81,171.31,7772.67,1
85.91,58.37,22.1,36.93,35.2,627.37,7.46,890.02,11.53,7.15,132.2,3422.89,1
67.82,48.84,41.69,47.9,37.84,1356.52,8.51,1703.05,10.77,12.18,54.79,2071.15,1
91.18,43.9,15.27,21.34,31.78,1323.38,6.71,1715.14,5.26,13.05,143.82,1738.0,1
73.99,84.84,21.04,74.07,30.25,1217.63,8.03,1742.41,1.99,8.58,108.01,6046.26,1
57.11,93.65,43.77,31.97,33.4,1304.36,7.66,1797.38,4.34,11.44,169.82,3836.8,1
81.32,55.92,33.4,23.07,37.24,738.97,6.55,957.24,2.4,7.59,187.03,4826.4,1
85.7,82.59,22.85,65.76,36.82,843.72,7.14,1091.62,4.77,2.12,136.07,7639.85,1
64.25,92.79,17.01,74.18,25.47,1090.51,7.27,1551.28,4.3,6.31,157.06,3360.81,1
88.57,89.23,15.85,76.97,34.69,1035.38,6.8,1479.29,9.75,16.0,49.05,3814.89,1
90.78,42.8,22.34,54.55,33.95,1268.81,8.21,1651.01,14.34,17.42,129.64,7840.02,1
62.46,96.94,41.44,34.38,33.43,1059.6,7.15,1413.61,10.44,7.6,160.85,5195.72,1
94.26,56.37,27.48,71.61,39.82,1397.46,7.25,1980.09,13.94,10.16,119.48,7707.49,1
56.33,53.75,36.61,68.98,33.74,618.21,8.93,868.09,11.87,2.75,134.97,4308.57,1
59.09,34.37,42.55,37.24,36.37,1199.6,7.76,1694.77,11.05,6.74,183.83,4487.77,1
58.29,64.03,27.24,83.24,26.48,1037.16,7.56,1403.98,6.5,17.58,71.7,2753.54,1
90.23,37.63,20.74,27.31,33.88,1029.66,8.45,1474.8,5.21,14.12,55.72,8372.59,1
79.44,47.4,30.51,88.79,37.19,591.0,8.96,777.28,12.77,6.12,150.5,8225.88,1
56.84,52.19,42.24,80.22,34.08,1142.72,6.57,1464.21,13.63,7.15,171.66,8881.63,1
69.81,86.62,39.13,68.15,34.0,1280.45,7.71,1782.06,7.05,18.34,176.08,4518.35,1
77.69,91.28,16.97,85.71,31.28,462.26,8.15,627.69,0.63,6.18,142.66,7639.61,1
53.76,51.17,35.78,70.56,29.53,950.6,7.36,1350.72,11.99,8.68,173.31,4612.15,1
89.71,90.11,32.16,33.33,42.0,670.56,8.59,849.09,4.63,15.29,152.11,4907.24,1
86.16,90.01,42.22,50.95,42.0,1387.46,9.12,1968.44,0.64,13.22,53.98,7725.0,1
72.73,83.53,18.67,25.01,30.93,774.6,9.05,1013.69,12.17,11.22,161.93,2830.25,1
93.52,40.27,31.02,47.28,41.96,473.98,7.22,654.56,8.0,19.99,68.7,3152.33,1
68.8,78.32,41.38,71.91,36.81,658.23,7.11,828.07,10.44,6.39,77.86,3860.46,1
94.28,96.15,27.3,47.05,39.66,984.61,9.09,1350.8,13.76,16.83,103.14,7411.34,1
80.06,77.78,29.46,43.12,38.28,291.31,7.74,405.92,8.35,5.18,90.33,4294.89,1
78.56,53.21,17.11,61.67,31.12,924.32,7.06,1223.57,7.8,14.31,91.46,4186.26,1
57.47,65.04,23.34,81.05,27.03,1317.47,8.41,1703.6,4.71,19.41,67.08,8991.12,1
89.69,75.2,24.74,23.33,32.67,1220.44,7.27,1656.77,4.93,11.16,87.02,4378.55,1
69.24,65.74,43.35,46.98,37.32,281.21,7.22,398.37,12.05,16.49,43.15,3358.28,1
57.3,38.4,23.48,31.08,29.19,1392.07,8.87,1830.16,7.01,18.41,115.67,6174.1,1
50.57,51.84,28.83,68.67,29.62,1038.47,6.94,1350.53,2.87,4.72,162.97,7514.1,1
75.19,86.17,35.14,27.4,37.1,394.74,6.67,515.44,1.87,16.12,177.96,2022.06,1
73.73,90.3,19.87,66.54,29.3,214.9,7.23,309.42,7.36,20.4,171.27,6141.69,1
82.37,39.61,29.59,40.03,32.0,405.54,8.14,536.06,7.24,13.53,106.63,1768.02,1
90.06,96.67,37.16,33.92,39.53,1205.81,6.83,1508.13,9.98,5.72,156.87,5447.49,1
53.57,53.02,41.01,85.54,32.14,225.97,7.77,317.79,7.33,4.54,86.06,3427.44,1
82.92,76.36,33.79,21.3,36.93,479.78,8.19,666.82,2.58,7.19,48.89,3799.81,1
58.43,82.63,35.07,50.64,33.12,1108.77,8.79,1414.47,7.86,4.07,148.16,5003.22,1
88.62,86.84,18.79,21.51,37.7,903.33,7.12,1307.11,13.65,12.27,143.81,8453.31,1
86.86,96.2,43.37,53.85,42.0,1139.28,8.71,1562.65,2.81,3.39,168.26,6830.0,1
74.34,51.9,18.98,55.07,29.79,1095.38,7.13,1478.93,10.5,6.47,138.58,8526.34,1
81.96,90.1,38.24,42.52,38.36,260.72,8.33,345.83,9.11,10.8,65.1,6449.78,1
64.15,39.22,22.94,29.25,29.32,1271.01,7.66,1817.21,11.35,11.48,176.51,1553.31,1
71.2,79.35,43.01,46.35,36.2,472.44,6.81,613.6,2.68,13.31,140.36,3491.89,1
86.97,81.94,36.6,67.06,39.79,864.07,8.43,1129.47,14.15,16.11,169.22,8293.29,1
70.67,77.44,37.61,74.77,36.73,973.15,7.09,1240.26,9.5,2.94,163.86,6325.84,1
66.1,47.66,21.57,57.15,29.49,402.35,6.98,564.03,12.78,3.61,87.66,8862.35,1
72.24,91.11,28.29,61.29,33.88,1371.48,7.47,1877.7,4.08,3.22,51.93,2669.73,1
87.27,41.82,33.53,34.04,39.42,785.79,8.26,1077.95,11.22,10.46,68.24,3725.61,1
65.08,33.75,38.1,40.11,31.06,269.17,7.13,348.23,11.82,2.84,54.86,4217.76,1
57.82,80.22,18.12,31.33,27.07,1324.71,7.0,1828.42,6.26,16.92,78.95,3949.18,1
82.04,63.28,43.87,37.45,39.52,903.52,6.53,1267.72,6.07,6.46,113.53,3389.94,1
87.17,89.44,41.71,35.74,39.2,1039.03,7.77,1373.16,10.04,20.78,185.09,4825.99,1
54.53,56.84,23.11,56.36,24.51,830.21,7.66,1170.82,1.85,11.73,179.52,6317.24,1
60.79,41.78,39.68,59.39,34.95,1201.69,7.13,1585.93,11.17,10.93,154.98,3834.43,1
56.39,88.55,30.55,86.15,29.34,239.76,6.64,336.05,1.12,17.61,43.86,2097.75,1
65.66,68.42,28.85,33.69,28.15,522.05,7.66,656.09,3.26,16.26,94.62,6813.99,1
70.27,43.24,24.43,64.92,32.07,763.58,8.63,1038.64,10.13,14.15,149.18,4942.62,1
83.7,80.43,32.43,77.21,34.4,291.92,8.43,421.51,1.93,20.7,60.64,5673.62,1
79.3,65.78,36.9,59.22,38.02,1047.09,8.82,1514.35,14.59,10.45,168.17,4915.5,1
77.94,72.3,27.33,37.85,34.53,672.4,6.53,878.38,13.09,18.17,186.33,8177.68,1
65.86,62.26,33.88,38.38,35.09,527.2,9.11,705.54,9.58,9.6,96.66,5690.59,1
87.87,88.01,35.98,22.75,42.0,204.05,7.42,257.64,12.38,18.77,152.93,8424.58,1
71.21,88.07,36.33,41.38,32.79,1063.8,9.17,1515.56,13.37,7.19,63.71,5329.32,1
94.06,79.66,16.56,72.12,34.21,1200.57,7.18,1637.24,4.26,7.79,150.53,3694.41,1
78.54,37.38,40.79,23.33,38.36,674.05,7.77,894.48,12.82,15.56,43.43,4165.82,1
55.68,88.72,28.75,35.35,29.85,877.06,7.46,1116.11,3.32,6.25,64.12,5415.97,1
80.43,76.97,22.87,69.44,33.54,473.22,7.46,681.14,6.49,6.58,153.58,5474.92,1
64.63,78.79,22.25,74.79,28.24,946.64,8.77,1283.68,8.59,8.11,153.9,6655.03,1
80.88,55.41,29.49,51.87,34.66,214.56,8.52,280.35,10.85,15.58,142.59,3183.71,1
53.13,91.55,41.6,68.87,30.61,786.37,9.18,1038.05,0.94,19.79,116.38,6441.32,1
57.87,80.78,26.35,47.16,30.67,973.05,8.16,1268.99,4.71,15.49,147.99,7339.41,1
88.51,37.88,37.49,31.19,41.17,1301.83,7.75,1783.98,9.32,18.56,163.81,6574.44,1
60.22,58.54,17.9,47.87,28.16,657.6,6.74,944.31,5.68,12.87,194.64,5113.71,1
87.67,92.05,29.28,60.6,36.54,1118.23,9.19,1589.38,11.74,3.38,182.18,8937.6,1
62.57,33.3,44.75,86.36,34.99,917.22,7.99,1230.99,9.95,4.01,167.13,4536.1,1
78.93,97.3,38.11,24.81,35.92,1312.41,8.39,1857.46,3.9,13.09,151.16,2299.43,1
81.24,77.54,21.32,55.52,33.49,678.05,7.6,904.94,2.62,8.56,131.86,7661.28,1
73.07,74.2,30.04,43.02,31.7,582.91,7.98,758.06,9.62,6.41,59.3,3091.51,1
63.74,48.94,22.01,55.58,32.34,1264.57,9.04,1829.43,7.03,11.33,66.49,6849.64,1
59.57,47.42,27.29,21.68,26.83,259.09,6.95,339.61,2.95,15.33,171.24,2842.32,1
51.49,95.94,38.4,41.91,31.86,363.66,7.29,478.12,5.23,9.7,168.53,1626.58,1
63.68,50.88,38.14,77.39,37.4,298.89,6.91,432.77,4.89,18.05,138.31,2698.49,1
79.39,84.29,21.84,58.78,33.69,1211.73,8.64,1547.12,2.07,16.77,110.21,4327.42,1
92.22,57.52,42.67,51.54,42.0,212.73,6.67,298.27,8.43,16.7,44.17,2299.64,1
89.2,39.75,32.78,39.99,36.84,1233.99,6.72,1773.44,11.57,21.7,92.35,2982.59,1
84.47,30.75,26.4,40.86,32.59,741.52,7.31,1002.8,8.84,7.9,107.3,7234.7,1
85.48,68.1,30.06,46.82,38.43,204.83,7.89,256.14,12.48,14.89,117.73,7274.13,1
79.92,98.3,33.15,78.49,39.6,681.97,7.6,903.62,2.35,19.11,188.69,7631.16,1
61.71,55.84,31.8,87.7,30.68,424.16,6.62,539.67,6.82,13.59,57.39,7808.66,1
90.82,55.0,29.59,50.71,35.79,949.28,9.09,1265.62,9.34,17.79,123.02,4653.27,1
80.18,54.09,30.15,47.53,30.68,1015.23,9.07,1429.45,10.3,10.29,98.87,8006.62,1
75.22,66.44,20.29,79.26,28.95,785.03,7.25,1050.17,10.59,13.81,198.42,5444.53,1
54.99,60.85,39.38,49.88,32.31,248.62,8.48,332.26,11.07,3.11,177.9,5029.48,1
70.12,91.59,31.25,58.64,36.67,987.35,8.06,1344.14,9.95,21.72,110.21,6889.02,1
70.72,65.39,18.93,36.17,30.65,1210.45,7.14,1653.88,1.87,18.0,199.95,3103.64,1
88.91,65.54,37.98,72.05,41.13,1064.39,7.21,1512.77,10.58,19.38,122.25,7421.23,1
74.6,39.69,42.97,57.24,37.89,1195.95,7.83,1568.69,11.01,15.89,66.74,4720.99,1
67.12,98.79,43.42,76.63,35.81,440.61,7.63,623.17,14.91,5.72,128.94,2454.72,1
93.96,47.5,26.07,74.65,40.42,1266.67,7.29,1726.7,10.55,2.62,76.19,2394.84,1
54.98,35.14,19.07,35.05,25.82,586.63,8.68,768.55,10.46,19.29,141.81,2736.8,1
69.01,76.42,30.55,70.09,28.74,216.09,7.8,282.86,7.96,9.93,189.99,8179.3,1
51.89,71.68,18.38,76.0,23.06,1212.07,8.27,1602.63,13.08,7.28,165.79,8932.03,1
83.3,59.06,43.02,44.23,39.16,1330.19,7.01,1828.39,14.95,13.23,83.71,4177.3,1
91.31,59.55,20.51,32.08,33.91,986.67,7.94,1278.88,11.8,10.42,87.5,3691.08,1
62.6,84.95,22.58,20.18,29.68,477.72,7.36,685.09,9.38,15.03,51.09,3140.78,1
88.63,43.7,27.2,51.56,36.46,502.09,7.92,685.35,1.64,11.68,85.74,7678.62,1
63.15,87.42,26.49,44.67,29.91,759.91,8.61,1089.72,11.04,15.94,54.82,3069.06,1
90.98,75.41,38.84,58.84,42.0,1277.4,8.58,1608.6,10.77,19.07,119.91,8430.68,1
83.93,59.33,28.69,33.16,34.63,379.52,7.46,500.4,11.75,5.91,153.34,6505.13,1
86.22,62.06,20.12,80.18,37.33,1191.17,8.37,1494.39,2.31,8.59,160.19,8228.46,1
50.81,47.97,23.02,38.04,24.42,549.56,9.04,716.88,9.98,10.74,49.52,5655.07,1
93.33,82.65,30.27,35.85,39.11,1170.3,8.19,1664.64,4.79,21.24,94.39,6680.1,1
82.7,65.9,19.42,53.65,31.91,1304.33,6.9,1639.96,11.52,9.31,86.11,6145.94,1
63.71,52.46,33.35,54.92,32.85,712.99,8.34,953.43,3.99,9.62,56.69,7733.97,1
87.32,71.72,31.97,35.06,38.91,638.06,6.78,812.58,10.42,15.07,98.0,7768.96,1
62.67,99.7,36.44,39.03,34.29,1162.67,8.85,1550.26,4.78,10.38,87.89,5923.45,1
89.27,60.47,43.13,31.88,40.91,835.38,7.89,1184.38,0.63,21.02,141.52,6243.81,1
55.07,94.45,42.37,70.29,31.35,1021.34,7.54,1403.95,9.68,19.89,181.33,8414.07,1
81.67,54.15,43.38,73.91,42.0,947.4,6.65,1323.84,2.14,12.27,112.77,8474.0,1
74.33,33.83,22.34,52.36,30.43,383.47,7.53,506.11,10.06,14.9,159.47,6481.87,1
54.34,44.3,18.95,69.99,26.62,1213.75,8.94,1746.44,13.92,3.16,63.36,1558.16,1
60.89,59.31,24.07,71.52,25.43,434.93,6.56,605.36,14.55,15.91,183.19,2283.08,1
50.56,45.37,41.85,29.68,31.73,1318.74,7.78,1759.67,3.92,16.14,64.42,7934.57,1
71.09,30.02,44.16,87.63,37.98,500.69,9.01,668.56,12.23,9.18,70.74,2135.36,1
63.56,94.05,40.78,77.47,36.11,1080.66,7.57,1549.38,5.63,6.39,57.03,3101.39,1
76.93,89.07,18.3,34.31,25.19,541.59,7.66,739.42,13.56,20.3,89.55,3229.1,1
63.38,81.96,43.42,33.03,36.37,581.34,8.06,808.81,11.92,10.53,128.39,6001.76,1
63.5,41.75,27.7,28.8,28.27,572.0,7.75,762.71,1.57,15.07,198.08,5824.75,1
83.44,38.43,15.28,29.69,31.86,1097.47,6.96,1420.94,6.4,2.67,166.94,3670.63,1
52.17,34.73,28.27,72.37,25.86,868.18,6.55,1210.86,5.39,10.28,100.87,3057.09,1
90.63,80.68,16.38,52.88,31.68,1259.54,8.15,1727.54,11.89,18.35,132.14,7233.99,1
88.35,95.02,31.32,74.81,37.5,568.85,8.99,768.1,6.45,9.75,139.73,8515.92,1
80.05,60.14,25.16,72.24,31.71,1030.39,6.79,1416.59,10.43,14.06,171.64,1896.04,1
76.69,38.34,29.2,62.32,33.44,1103.54,7.07,1425.39,9.24,6.2,157.83,2498.85,1
90.15,65.87,33.4,68.05,36.84,381.78,7.5,537.84,14.65,10.33,131.09,6316.23,1
58.34,54.42,41.06,21.28,30.29,680.71,8.68,979.97,14.1,20.55,147.07,7533.31,1
53.55,56.24,34.86,41.82,32.62,779.38,7.23,1113.13,6.7,13.33,159.35,7433.92,1
60.78,73.49,28.02,64.65,27.41,626.82,8.88,823.83,10.99,20.04,61.3,6897.62,1
85.76,80.31,39.58,20.65,39.94,586.54,6.65,780.8,12.53,20.04,72.07,8155.71,1
51.56,37.74,42.17,22.31,34.15,1023.7,9.04,1445.14,13.53,20.88,150.17,3130.12,1
76.23,32.49,18.59,79.63,29.33,459.04,8.01,628.44,1.49,19.91,176.07,2304.68,1
94.79,99.6,30.96,67.88,37.88,1051.27,8.28,1429.29,4.88,2.07,105.48,6115.22,1
88.51,46.29,23.54,38.58,35.82,1322.05,7.49,1897.58,5.14,20.68,196.78,7667.07,1
73.47,33.77,16.41,68.16,31.35,878.24,8.61,1191.95,6.8,4.75,74.57,5865.33,1
52.86,43.29,35.06,75.47,28.15,933.72,6.95,1263.31,2.95,2.8,106.67,8722.48,1
87.41,32.73,40.88,41.48,40.86,282.72,6.63,355.77,7.69,3.11,100.56,7466.73,0
76.95,57.43,19.89,22.52,27.73,1237.37,7.57,1563.89,10.12,8.98,188.85,6755.94,1
55.17,86.17,39.37,85.29,31.79,542.54,8.8,678.98,7.71,14.42,85.66,1951.93,1
54.22,53.89,40.6,44.16,32.83,938.06,8.54,1343.91,10.15,10.05,115.33,2308.07,1
90.93,61.09,42.43,27.45,40.87,1374.93,7.9,1830.97,1.46,2.51,69.96,7386.28,1
80.11,77.29,22.96,54.43,32.15,914.6,8.04,1228.96,13.2,11.53,123.4,2986.78,1
87.32,65.62,42.12,73.79,38.75,1069.65,6.85,1517.92,14.12,10.84,177.18,1716.26,1
89.55,90.3,24.62,35.52,36.16,734.38,8.77,1007.46,9.46,17.14,88.65,8330.71,1
75.73,90.62,31.57,38.86,37.09,272.44,8.62,373.76,13.28,7.59,169.73,8181.04,1
73.29,30.69,16.52,36.99,26.91,1157.12,8.27,1515.02,2.41,6.35,185.81,3138.63,1
69.37,84.46,16.32,89.42,26.81,242.0,7.76,342.86,12.06,7.12,51.67,7351.55,1
64.26,62.25,36.61,33.82,34.88,1040.79,9.1,1335.51,2.23,8.07,161.03,1859.85,1
69.56,99.22,28.33,60.29,34.73,227.51,8.87,286.8,6.42,13.98,80.85,3637.94,1
84.82,63.83,22.69,84.77,31.16,1234.77,8.24,1590.77,5.2,11.43,68.05,6177.5,1
77.09,99.08,20.71,30.28,31.18,389.16,7.5,507.29,8.99,8.74,136.18,7223.84,1
90.16,82.82,35.1,87.96,40.39,817.13,8.17,1067.54,4.87,9.49,152.9,1577.99,1
69.95,47.4,15.01,86.32,27.54,916.58,8.05,1268.64,9.74,9.42,103.16,3946.56,1
77.32,67.69,39.18,81.92,33.09,749.05,7.56,968.95,5.83,21.45,46.27,3107.59,1
78.41,99.45,17.38,35.02,31.69,608.92,7.33,843.55,12.98,6.66,185.39,8990.85,1
76.63,90.03,20.74,64.38,34.46,761.38,7.6,965.6,9.69,18.36,156.92,6532.37,1
81.62,36.82,26.59,73.26,34.94,573.7,8.05,734.01,3.62,16.16,83.47,4542.54,1
60.68,79.45,29.55,89.02,28.45,725.75,7.66,981.04,5.37,2.11,119.5,2067.39,1
73.06,54.19,25.65,32.63,31.22,630.7,7.21,904.66,12.79,21.86,44.45,5990.03,1
54.69,30.49,24.62,73.62,30.83,879.45,8.55,1250.5,6.1,17.13,94.29,6312.76,1
67.3,58.24,43.92,43.72,39.02,485.51,7.93,700.95,8.27,15.65,123.61,7623.04,1
71.95,46.43,34.25,32.29,36.25,1386.39,6.68,1913.35,9.91,10.11,122.76,3664.33,1
79.35,87.32,15.7,49.5,31.05,801.04,7.49,1109.58,5.54,13.1,73.31,8860.71,1
92.77,53.61,27.91,75.57,36.64,432.99,8.89,595.37,4.76,7.07,164.28,4795.99,1
77.03,87.93,41.25,52.54,38.29,772.48,8.54,1061.82,7.39,2.71,87.82,3719.58,1
83.46,30.04,24.04,57.63,34.12,1239.7,7.37,1586.1,3.62,18.72,132.87,4113.37,1
72.78,51.55,17.84,89.66,30.54,226.17,9.03,307.31,4.62,19.93,83.44,5396.9,1
78.53,46.88,37.75,47.94,40.86,1015.46,6.71,1347.74,1.4,5.25,108.03,8525.26,1
53.19,46.35,33.18,63.08,32.15,857.56,9.1,1147.85,4.91,17.74,73.2,7013.69,1
61.45,34.77,32.11,45.57,28.76,403.47,7.16,546.59,5.15,16.82,141.28,5828.32,1
66.28,43.1,16.61,47.49,27.83,1180.97,6.52,1506.54,14.45,5.57,108.09,2721.08,1
71.26,68.89,19.21,68.69,31.01,642.66,7.67,849.53,9.05,10.44,42.58,2620.15,1
52.05,50.4,33.68,85.65,31.04,552.56,7.47,697.72,11.92,10.46,44.51,5266.48,1
56.3,59.22,21.23,57.97,25.25,1193.75,7.96,1726.08,1.16,17.2,115.38,6965.32,1
62.46,56.38,30.12,73.79,36.99,966.23,8.65,1230.69,2.04,18.75,69.32,7132.59,1
93.72,91.31,31.35,26.24,36.85,1277.91,8.77,1663.46,12.31,3.9,133.61,3194.36,1
64.91,93.37,23.51,34.78,27.29,955.86,7.58,1365.22,9.54,13.26,105.31,2250.75,1
71.69,64.51,43.45,55.15,38.6,1088.98,7.66,1466.36,3.27,17.23,144.71,4383.46,1
58.82,53.11,40.27,21.4,38.04,1203.74,6.9,1537.32,6.37,17.72,192.38,8386.29,1
77.49,37.48,36.67,37.7,35.53,265.69,6.63,352.53,8.31,4.96,124.6,5590.25,1
62.63,96.74,17.34,56.22,26.19,1131.26,8.23,1440.29,12.73,12.51,165.98,3900.75,1
59.31,34.22,18.18,21.05,28.35,936.45,6.67,1208.06,1.38,19.15,160.49,3927.28,1
73.25,50.84,29.78,38.52,33.7,283.41,8.48,357.21,9.15,8.37,187.49,2490.65,1
50.25,50.86,19.82,55.98,23.83,810.29,7.96,1083.89,10.9,10.5,74.24,5049.18,1
50.34,52.43,44.35,60.12,34.24,298.95,7.04,421.92,14.68,18.09,172.37,7435.22,1
59.86,41.5,19.76,84.8,27.42,1083.14,7.96,1480.86,12.2,3.79,184.88,8764.19,1
51.65,84.82,29.62,65.17,30.34,855.8,6.99,1173.53,4.51,19.19,102.84,5261.96,1
54.86,38.57,25.92,49.03,30.37,1344.29,7.68,1734.29,10.79,8.22,90.21,2754.11,1
65.25,74.44,34.18,85.12,33.89,419.76,8.66,553.57,11.57,2.03,192.33,6622.13,1
86.12,38.67,18.87,74.94,33.72,927.24,7.75,1315.8,11.08,6.68,140.42,7175.94,1
75.74,34.94,27.91,34.0,34.13,453.9,6.9,575.35,12.39,3.79,100.91,2037.75,1
73.07,93.66,23.24,29.16,32.38,936.88,8.45,1331.85,13.6,3.85,166.69,7876.04,1
63.21,43.31,41.63,67.31,35.48,1067.18,7.0,1437.21,1.93,15.86,88.72,7719.92,1
91.93,87.49,16.22,59.19,33.66,1066.77,8.49,1512.06,2.02,6.28,68.23,5044.06,1
67.87,68.12,42.41,75.28,39.2,1178.09,7.79,1547.54,12.05,20.69,127.04,5703.17,1
53.92,35.45,39.99,71.72,35.51,1224.26,7.73,1613.29,4.16,12.33,130.59,6850.56,1
77.77,96.88,23.93,63.76,29.8,292.73,8.8,409.91,1.35,11.2,172.12,6575.61,1
55.12,47.29,38.68,89.05,32.34,611.92,8.41,860.97,6.32,10.69,113.12,1624.02,1
65.54,90.18,15.94,57.35,25.58,1024.55,6.59,1327.74,12.39,15.85,170.33,2418.26,1
72.83,41.82,44.01,27.92,37.99,798.3,7.3,1153.21,2.34,11.05,89.81,2719.43,1
89.34,89.78,30.8,77.98,38.92,428.81,8.85,543.26,10.24,4.57,132.06,7167.57,1
72.21,30.93,24.1,37.63,32.83,863.25,6.55,1090.89,0.55,19.6,73.36,4800.63,1
81.6,65.82,25.88,74.41,34.23,688.92,7.97,943.2,2.09,10.57,101.67,5591.27,1
94.68,83.86,16.99,87.0,30.79,668.05,8.47,931.62,5.59,3.48,177.21,7295.16,1
55.92,95.44,44.68,68.78,32.69,1171.7,8.18,1689.81,1.71,12.59,74.56,4057.37,1
62.36,93.64,16.18,61.72,28.05,689.12,8.55,917.21,12.77,14.95,169.64,7116.68,1
67.76,87.37,34.65,52.23,28.58,231.75,8.46,290.85,13.03,7.51,85.26,4817.24,1
68.98,92.17,28.28,45.51,34.52,269.68,8.37,369.61,11.46,18.01,45.52,4328.85,1
68.5,43.95,43.47,44.71,38.38,1227.49,8.72,1605.49,4.02,15.4,57.59,3997.78,1
90.84,49.89,22.38,64.55,38.18,1352.72,8.24,1808.03,8.09,15.01,159.34,8737.09,1
82.13,50.23,30.96,72.59,35.97,1026.09,7.59,1382.86,3.17,10.42,81.93,7289.8,1
77.36,56.39,29.47,67.5,30.53,637.24,7.77,804.77,4.58,21.24,144.66,1651.47,1
63.92,57.53,36.09,33.89,34.47,1326.32,8.44,1786.81,7.98,7.48,151.87,8680.62,1
87.07,68.12,17.04,54.58,35.28,995.36,8.87,1329.07,11.16,13.55,95.22,7315.8,1
92.98,41.19,20.81,75.41,37.38,1213.2,7.23,1689.39,1.87,8.18,115.99,2618.81,1
86.95,78.39,21.44,53.3,32.92,1119.02,7.42,1543.28,4.8,16.9,104.6,2072.54,1
50.07,41.73,37.14,57.56,30.69,654.97,9.01,842.97,13.94,2.96,191.58,3811.46,1
78.64,51.72,20.67,73.98,30.83,774.44,8.06,999.98,6.72,2.92,91.19,6181.36,1
52.3,65.23,32.2,66.29,27.71,423.36,6.98,550.45,14.11,18.22,69.33,6124.1,1
61.59,85.75,21.46,48.65,29.82,550.42,8.29,707.72,14.88,10.69,98.49,3568.88,1
52.68,81.76,40.85,82.68,30.07,1133.75,9.18,1566.21,8.14,8.82,147.12,4842.56,1
77.17,75.19,43.27,31.38,37.65,1272.77,8.72,1844.1,4.68,14.15,151.58,3089.18,1
80.9,40.9,30.55,89.69,33.71,1069.35,8.51,1476.16,11.97,16.04,187.85,1879.34,1
55.15,68.29,25.57,28.32,24.76,758.21,7.06,1039.76,2.81,6.02,181.08,5377.28,1
67.27,36.12,22.02,21.05,29.82,303.81,8.87,404.67,4.15,5.71,86.13,4102.43,1
70.53,56.42,16.49,82.3,30.73,268.34,7.92,352.2,11.88,21.16,112.83,5571.62,1
66.61,58.95,23.06,37.15,29.35,649.19,8.9,929.78,6.79,13.79,159.56,8598.8,1
55.45,32.79,34.63,71.08,27.97,756.59,7.39,1092.36,3.42,9.8,186.65,2575.28,1
68.85,49.18,31.01,76.77,34.75,930.94,6.67,1256.18,9.94,18.03,93.95,1514.72,1
83.8,96.9,43.32,80.13,42.0,207.79,7.79,271.79,11.13,12.5,111.11,2076.59,1
53.2,96.75,26.89,89.41,26.42,1387.67,7.23,1948.32,2.31,6.83,183.92,4970.31,1
53.61,54.66,35.82,40.58,29.98,636.73,8.43,812.78,4.52,6.13,97.36,6801.99,1
65.96,33.02,29.68,69.72,32.91,1217.71,9.08,1708.6,3.71,9.94,116.88,5855.73,1
92.38,42.54,30.38,28.08,41.97,841.96,8.37,1190.35,6.01,19.2,184.72,5211.71,1
80.09,57.46,23.03,48.48,32.04,356.53,8.89,454.57,11.57,3.23,168.36,4154.72,1
80.54,96.34,28.65,79.36,32.5,1157.08,7.72,1672.41,10.85,6.37,78.95,3824.81,1
66.29,39.88,29.12,45.74,33.03,1051.79,8.58,1522.05,10.11,19.86,91.97,4322.15,1
76.71,83.45,36.2,61.38,38.45,832.92,8.78,1197.2,0.59,4.43,96.47,6087.26,1
50.46,37.61,43.22,55.26,32.75,817.46,8.42,1102.93,2.56,14.59,186.04,2758.15,1
78.62,98.69,24.88,65.22,32.25,304.98,7.87,396.23,3.74,6.27,199.83,7285.22,1
91.1,56.71,16.27,88.1,35.46,987.02,8.19,1348.66,4.44,14.12,163.84,5814.4,1
77.57,84.27,29.89,23.9,35.91,1293.49,8.39,1725.5,2.62,9.66,117.49,3518.67,1
89.32,53.98,31.33,60.18,36.76,311.89,7.18,402.71,6.45,4.03,41.63,5258.65,1
82.58,73.94,20.05,80.41,32.76,516.21,8.69,689.01,1.59,13.65,151.6,8720.84,1
55.43,43.44,37.81,53.7,29.39,1282.77,9.07,1773.79,11.38,15.66,102.3,1653.69,1
90.61,40.22,44.55,25.5,42.0,541.21,7.76,684.19,11.92,15.61,141.28,2996.42,1
52.99,95.66,43.37,59.24,32.9,984.73,8.39,1296.58,8.83,14.74,137.07,4862.85,1
74.03,94.24,20.91,43.25,29.96,841.78,8.49,1055.22,1.8,12.0,116.93,6288.3,1
56.4,92.12,41.26,30.85,33.47,915.59,8.29,1281.74,13.41,12.39,191.1,3091.71,1
50.53,73.78,36.13,79.43,30.36,698.95,7.98,963.25,14.5,14.71,43.7,8485.53,1
68.99,86.58,28.62,56.51,34.05,559.99,8.88,707.01,3.43,15.81,153.94,6319.29,1
63.28,34.83,31.22,85.33,32.93,258.24,7.71,372.63,10.72,15.1,105.57,8080.74,1
71.87,53.44,40.49,76.42,36.83,1093.14,6.66,1371.37,12.71,13.74,154.21,3969.88,1
75.97,51.96,29.4,68.51,35.81,1095.31,8.78,1498.38,8.33,5.12,148.04,7717.15,1
51.97,74.5,26.2,20.35,27.96,1004.87,8.32,1412.12,5.19,6.21,41.64,4336.64,1
55.54,54.92,29.8,49.95,28.46,972.36,8.79,1368.67,7.44,7.2,85.65,3395.64,1
75.14,40.4,32.37,33.82,34.87,492.46,6.87,618.95,7.93,20.39,70.25,8337.42,1
65.44,71.75,20.67,83.76,28.3,226.81,6.58,324.63,6.31,17.19,66.72,2191.64,1
82.81,87.01,42.03,32.22,41.42,1170.46,9.02,1678.08,13.98,13.06,156.56,8571.67,1
79.35,56.75,35.23,40.02,36.43,789.37,6.9,1075.34,11.29,7.04,78.33,4938.86,1
88.05,39.26,34.0,56.18,38.13,568.21,8.69,765.04,4.0,4.22,115.96,8944.69,1
81.16,43.77,17.98,38.44,35.52,322.32,8.72,405.79,8.99,19.98,79.52,5546.96,1
69.35,46.62,33.13,34.69,35.81,275.27,8.41,375.02,10.49,19.85,132.84,7181.16,1
80.28,50.99,18.63,61.94,30.07,618.64,6.85,823.95,2.53,4.21,155.29,1553.03,1
62.39,75.0,17.36,26.23,27.82,1165.68,8.3,1637.28,5.7,17.94,92.97,5225.0,1
63.78,72.07,30.82,24.07,31.97,1302.47,8.9,1733.29,13.63,10.93,136.48,7030.9,1
85.5,78.73,27.08,46.06,36.64,1276.1,7.65,1769.59,8.72,8.48,171.98,7371.2,1
70.09,55.38,32.66,70.45,34.23,1304.0,7.62,1656.45,3.65,16.78,55.08,2685.36,1
85.93,87.68,17.68,58.84,35.05,1289.27,7.7,1645.87,2.28,14.29,153.71,4642.28,1
87.01,44.29,27.93,49.6,37.22,832.67,6.72,1064.1,8.01,17.6,91.7,4643.04,1
88.59,62.83,20.24,59.6,34.11,463.3,8.91,583.34,8.44,3.49,59.62,2277.31,1
91.25,86.07,44.61,45.58,42.0,1157.66,8.85,1572.4,5.35,8.37,127.3,4822.84,1
69.39,42.61,31.83,85.53,33.96,456.46,9.19,643.05,9.64,8.39,76.2,7553.2,1
64.35,37.69,35.62,23.84,33.8,520.65,8.08,714.37,1.5,8.6,171.42,3751.36,1
76.2,91.86,24.76,67.14,33.34,479.91,8.53,655.07,2.6,12.05,46.86,4744.31,1
66.7,54.01,17.84,82.39,27.73,817.98,7.05,1133.82,8.42,7.66,55.78,8707.19,1
77.05,77.87,44.28,76.27,39.78,586.19,8.3,772.56,1.4,10.89,123.36,1737.81,1
81.75,31.77,23.59,32.88,32.52,384.99,8.25,509.1,13.27,9.36,134.23,5936.41,1
80.98,78.3,27.71,40.71,33.44,743.81,8.93,976.51,2.56,16.71,156.78,7075.77,1
66.85,52.13,34.5,70.19,31.79,1248.69,8.74,1738.7,10.27,14.07,81.48,7206.62,1
57.51,33.9,15.74,25.9,22.1,884.66,9.03,1134.43,6.17,15.07,174.68,6869.54,1
69.37,72.69,39.31,76.83,34.34,1254.0,8.85,1570.77,6.3,6.21,192.5,6948.39,1
56.42,46.86,31.1,70.32,29.64,435.05,8.85,595.68,11.59,8.51,119.85,1942.59,1
90.05,57.08,23.35,71.07,35.89,400.37,6.67,575.92,7.74,2.42,161.69,5506.02,0
65.56,35.64,16.85,27.02,26.75,890.69,8.78,1221.92,11.02,4.17,123.98,7372.27,1
56.95,40.3,19.87,70.24,21.48,755.99,8.14,1063.37,7.83,7.3,51.11,2205.49,1
51.15,50.86,41.85,67.59,35.58,992.21,7.53,1373.77,9.1,3.31,92.18,1590.37,1
79.06,36.28,35.58,78.16,39.39,1153.55,6.65,1556.7,11.53,14.05,54.0,7609.21,1
78.66,93.76,22.5,22.91,33.43,1101.57,8.33,1535.23,9.31,21.96,198.22,6842.21,1
65.33,30.42,16.97,21.62,31.09,1330.71,7.39,1882.72,9.43,4.02,76.64,4591.55,1
53.23,63.87,35.72,46.11,28.85,677.91,7.76,877.85,11.94,18.42,141.74,8552.97,1
68.43,38.63,32.17,30.42,37.14,447.66,8.34,589.67,14.26,4.38,85.5,7249.49,1
64.0,51.54,27.14,59.09,28.57,861.1,8.96,1114.9,5.96,15.4,144.52,8758.96,1
80.47,94.82,25.91,84.21,34.66,332.89,8.73,446.22,8.87,14.86,73.66,8469.86,1
77.26,41.32,21.5,47.4,29.29,546.62,7.72,780.04,1.75,20.05,165.64,5109.7,1
66.41,97.61,35.09,79.15,33.91,449.47,7.55,592.86,5.7,4.28,57.73,7160.32,1
59.81,44.41,44.12,20.02,36.17,675.88,7.15,895.46,6.47,8.31,183.22,6518.94,1
94.46,81.91,20.27,31.8,35.4,333.46,7.51,474.2,12.61,3.82,174.47,7585.84,1
70.43,68.27,32.91,22.13,35.55,238.21,6.8,322.32,7.94,10.15,148.61,7407.66,1
80.97,91.91,27.73,42.97,35.15,988.15,9.12,1341.01,11.1,20.23,50.79,2649.24,1
56.32,68.78,28.4,83.57,27.98,932.3,8.05,1325.88,0.78,17.63,73.37,3253.02,1
71.85,67.42,22.62,26.79,29.75,1050.03,6.85,1415.55,7.24,16.46,177.5,3492.99,1
51.24,43.68,39.75,62.45,33.35,992.46,7.45,1375.86,13.57,12.66,59.52,7638.74,1
72.75,41.64,29.56,51.6,32.22,337.15,7.98,427.22,3.75,19.67,64.95,7580.56,1
93.38,94.15,31.3,85.69,41.13,549.29,7.94,706.24,0.96,10.99,127.04,5215.02,1
67.29,52.95,24.14,28.58,32.72,355.43,6.6,473.04,6.78,4.99,83.87,5856.24,1
51.75,56.05,20.45,34.84,21.76,1211.57,9.07,1634.36,10.71,18.75,75.53,7701.92,1
51.39,83.19,17.58,22.07,26.27,1096.28,7.24,1582.1,7.09,7.59,132.13,3844.45,1
67.46,53.72,36.42,50.38,38.73,441.83,6.54,638.06,7.17,3.07,99.61,1876.34,1
57.2,96.64,20.89,39.45,27.11,609.57,6.71,865.74,10.21,4.52,62.49,5119.47,1
51.05,81.65,35.7,80.89,31.46,1359.94,8.07,1785.76,4.19,14.18,125.58,8352.88,1
84.03,71.82,26.71,62.35,37.43,912.99,6.87,1317.27,11.4,14.14,101.92,7428.51,1
70.63,91.66,27.47,62.99,31.72,1161.39,6.61,1611.85,2.72,7.2,157.52,4249.63,1
63.02,33.47,29.08,57.23,31.29,517.51,7.52,687.56,6.24,16.54,56.44,1985.79,1
90.5,47.99,26.03,26.43,34.11,452.06,8.18,628.52,10.01,17.47,139.3,6276.9,1
55.23,62.55,18.02,51.15,25.39,1140.7,6.8,1429.64,12.51,20.41,109.84,7758.68,1
93.02,45.89,24.29,89.97,37.75,1023.05,7.35,1308.71,11.98,13.7,104.97,6487.11,1
64.13,82.07,34.91,78.47,34.28,1017.17,7.63,1440.25,10.96,17.59,77.17,4688.06,1
89.98,94.34,34.97,82.54,41.87,863.16,6.93,1190.4,5.71,17.06,44.87,2425.15,1
77.13,59.66,23.59,77.63,30.99,876.29,7.87,1159.2,2.27,7.16,175.63,8330.81,1
87.2,53.95,28.8,27.21,35.82,1082.84,6.73,1461.97,3.64,8.2,92.23,3569.69,1
94.28,97.31,20.8,35.92,39.64,524.0,6.63,749.86,13.04,11.57,148.97,3182.15,1
62.98,61.14,21.31,20.22,27.9,623.32,7.9,857.89,12.93,2.38,191.61,7619.82,1
93.25,64.23,15.69,41.25,34.2,1245.96,7.17,1656.67,14.3,7.95,130.4,8859.15,1
67.53,54.62,41.9,27.6,36.41,570.64,6.76,727.03,1.6,11.48,103.54,6451.2,1
67.35,93.67,21.32,53.1,27.66,855.57,7.64,1119.73,8.28,4.16,82.92,6186.08,1
65.32,69.83,21.83,67.4,32.22,1043.17,8.97,1508.07,9.91,4.53,189.45,3895.73,1
74.36,83.35,23.39,81.22,30.72,1399.91,8.46,1872.34,10.8,11.26,149.13,1653.1,1
56.94,86.83,18.82,72.45,23.57,722.35,8.7,971.1,9.84,16.62,146.45,2938.48,1
74.92,53.93,34.18,85.7,34.79,713.71,8.85,963.31,11.67,18.67,108.19,5883.23,1
74.38,60.36,17.25,23.77,25.63,1211.11,9.13,1728.03,5.71,12.93,175.21,2634.87,1
84.29,89.39,19.03,20.85,31.43,1166.6,8.56,1599.16,3.1,11.49,154.19,8128.77,1
87.51,55.43,34.34,66.29,36.96,1077.29,8.14,1496.07,3.47,9.69,85.31,2911.09,1
69.82,85.58,25.19,40.25,32.51,755.88,7.49,1003.71,0.67,5.86,135.93,5415.78,1
63.6,95.87,36.24,37.75,32.24,588.73,6.99,739.33,5.58,4.93,108.83,5340.1,1
61.67,73.62,31.72,43.16,33.3,930.48,8.35,1336.35,1.83,17.84,41.05,6029.59,1
58.76,81.91,22.68,38.89,30.42,1251.47,9.19,1801.9,5.16,11.3,169.22,3955.76,1
52.59,86.36,34.52,55.8,31.79,1260.53,7.76,1814.95,9.61,17.81,59.65,8051.51,1
65.41,89.15,18.49,50.81,27.39,330.2,8.45,475.07,13.47,16.08,121.59,4832.26,1
62.16,57.65,31.09,55.87,31.7,714.02,7.84,1008.95,12.67,5.88,93.8,6751.15,1
93.49,33.59,28.11,67.09,35.16,757.67,7.67,1050.82,4.16,12.21,94.73,6269.33,1
75.1,58.13,23.04,47.1,31.57,1373.14,7.61,1948.35,2.44,10.88,116.38,2378.67,1
65.63,77.16,33.12,37.59,31.28,1013.6,7.86,1388.74,3.3,10.48,199.52,6169.8,1
76.12,61.52,41.14,31.63,39.82,688.7,7.49,879.38,14.58,12.85,105.34,5630.27,1
56.26,82.43,44.97,44.46,39.95,231.27,8.52,307.18,8.47,21.64,69.17,8239.53,1
69.98,54.99,33.23,71.93,35.13,878.46,8.86,1268.73,3.15,18.26,138.18,8106.57,1
78.18,74.43,27.14,72.97,30.06,315.29,8.88,416.26,12.69,20.07,77.81,2632.16,1
72.0,43.05,21.76,66.68,29.89,1201.34,7.11,1710.19,6.23,2.59,56.89,2112.64,1
68.08,82.46,22.71,36.38,30.21,1103.02,8.92,1399.34,13.54,4.81,48.03,3709.44,1
94.72,68.2,29.38,61.17,39.14,752.61,7.42,991.07,4.28,3.7,43.66,8899.6,1
89.61,44.28,26.02,59.95,35.05,715.05,7.34,944.01,6.2,7.26,108.99,1661.8,1
78.05,50.43,42.41,53.9,39.85,1276.81,8.46,1609.19,7.82,10.84,108.28,6546.69,1
75.62,82.4,26.05,58.5,30.54,546.15,7.32,695.7,13.44,14.84,69.69,6063.85,1
77.93,63.78,26.2,54.43,31.76,498.82,6.64,642.8,13.1,12.02,165.44,6349.34,1
59.06,45.12,26.51,59.58,30.33,1327.04,7.51,1881.16,8.83,20.06,60.68,3137.14,1
67.78,97.71,40.1,70.09,33.95,1171.1,8.45,1478.72,3.72,20.8,186.45,3200.38,1
51.78,80.06,34.52,27.67,31.1,1184.75,7.38,1551.72,6.35,5.27,134.01,4729.82,1
71.4,97.0,33.43,72.47,31.81,434.23,8.2,543.67,14.65,19.06,44.42,2218.93,1
74.44,59.9,25.02,29.51,35.9,371.96,8.28,516.69,9.31,11.63,194.08,2059.6,1
60.25,63.26,39.54,24.66,32.35,231.24,8.48,317.73,11.83,11.07,89.27,2162.7,1
93.38,92.86,16.15,88.33,33.55,484.45,8.92,668.05,7.02,17.7,112.0,5797.34,1
90.93,66.75,41.12,86.99,42.0,1129.03,7.67,1495.82,8.21,3.86,85.48,4483.06,1
82.5,79.51,30.38,24.23,35.13,488.05,6.95,630.39,6.72,19.65,156.55,3702.13,1
74.0,47.65,26.95,51.03,33.22,1074.92,7.36,1498.51,10.69,15.42,117.71,3868.65,1
89.15,61.27,29.92,33.04,38.91,502.29,7.67,709.35,12.85,19.51,61.18,3054.62,1
55.88,38.64,35.02,53.97,33.15,674.35,8.43,861.63,7.86,21.89,56.67,4586.29,1
85.57,44.42,15.38,78.11,33.36,1379.79,6.54,1859.09,7.47,12.36,156.06,3022.94,1
55.62,30.07,41.15,86.54,32.96,493.77,7.35,641.78,5.43,3.87,77.93,6735.35,1
85.74,32.75,28.4,64.4,36.08,651.64,8.61,836.47,3.07,5.33,62.05,2429.49,1
62.41,98.41,25.29,44.77,34.15,561.3,8.31,784.07,14.12,8.47,119.91,8611.82,1
89.47,46.96,19.15,62.23,35.97,331.55,8.48,450.12,5.08,4.07,168.44,2173.64,1
92.48,76.43,28.18,41.84,36.14,787.87,8.69,1018.91,12.11,18.31,84.61,8575.96,1
56.7,88.74,29.89,83.69,29.84,654.43,8.61,858.61,10.87,7.94,84.23,7749.71,1
70.82,68.55,27.11,80.93,31.52,1033.86,8.34,1492.21,11.97,21.52,173.42,6605.34,1
94.14,40.72,35.36,59.08,40.64,1181.11,7.69,1676.87,14.08,16.05,63.65,8342.26,1
71.75,80.97,27.63,42.74,30.15,853.1,9.16,1216.51,9.54,5.47,138.68,2544.14,1
88.86,72.02,43.84,40.54,41.74,238.64,8.04,320.25,13.52,11.52,192.8,2822.36,1
76.49,81.19,32.98,22.34,39.29,942.71,7.05,1296.0,2.93,11.34,174.61,3391.14,1
66.89,83.88,39.22,77.11,36.61,266.47,7.29,353.17,9.59,11.85,49.89,3336.09,1
62.86,98.28,18.28,51.53,22.13,939.63,8.37,1189.14,11.7,12.71,91.19,3831.36,1
59.15,70.15,26.92,42.76,31.64,1022.04,9.0,1359.53,4.44,2.62,62.78,5817.23,1
84.28,53.91,25.11,52.98,37.04,437.32,6.98,598.6,11.24,15.73,191.88,1711.29,1
67.39,75.39,32.08,77.31,32.36,1183.22,6.72,1546.97,11.79,11.74,197.75,4367.04,1
73.01,34.79,40.83,28.72,38.98,1293.3,8.88,1835.96,12.55,17.82,77.6,3347.89,1
72.15,92.82,17.35,80.04,27.39,1175.7,8.97,1505.16,5.04,18.31,147.15,6049.72,1
75.98,38.36,17.18,82.83,29.07,566.13,7.25,749.23,10.38,6.61,174.66,8888.77,1
88.95,52.95,40.51,86.27,42.0,903.97,7.52,1152.55,4.91,2.97,77.39,5382.41,1
94.13,87.1,21.39,47.82,35.47,1297.78,8.28,1727.3,11.22,16.06,70.03,4692.64,1
68.34,71.81,35.06,35.2,30.62,584.8,7.39,735.64,7.21,21.56,41.79,4261.83,1
